ID,Source,RA_ICRS,DE_ICRS,BP_RP,Gmag,Rad,BPmag,RPmag
3685,3017190546641718144,83.85826322362,-5.90989604809,0.11113700000000026,2.740842,10.2321,3.0577650000000003,2.946628
919,168726523212358272,58.53304404662,31.88359461391,0.35094499999999984,2.82199,26.0687,3.023606,2.672661
3583,2769202742740232960,3.30897038438,15.18355074145,0.09509499999999971,2.853429,7.2555,3.100469,3.005374
18504,229898024422755840,59.46359517052,40.01009509785,0.008548999999999918,2.9042790000000003,11.0528,3.036689,3.02814
32792,1014058103758571520,134.7989643318,48.04087147111,0.5075879999999997,3.120973,1.8435,3.418268,2.91068
34462,1575287046603605888,183.85734834773,57.03265316489,0.26148799999999994,3.3111019999999995,2.3196,3.451031,3.189543
65698,511974502720839040,28.59918850459,63.67001834766,-0.027086000000000165,3.3546660000000004,6.1031,3.391168,3.418254
31152,418001477279154304,9.24298360612,53.89686812148,-0.2606949999999997,3.664362,6.517,3.5528690000000003,3.813564
33621,1201067439457715072,245.47983846631,19.15332026864,0.44065699999999985,3.691747,6.6107,3.845034,3.404377
80658,1362451076122760320,264.86615107268995,46.00634774933,-0.2154569999999998,3.790645,6.0556,3.691767,3.907224
12345,364785939116867072,14.1892287868,38.49948894198,0.22131800000000013,3.843221,3.37,3.903239,3.681921
80728,1385978666451514112,244.93506863648,46.31353301826,-0.17080099999999998,3.88713,4.313,3.803087,3.973888
34445,1565090003967879424,201.30730577291,54.98784533978001,0.26357200000000036,3.974355,1.921,4.053378,3.789806
18096,219375904303684224,59.74126438868,35.791042068690004,0.08114299999999997,3.974884,13.0234,3.970395,3.889252
81679,1755320049747788160,308.30326973863,11.30317925159,-0.13896699999999962,4.015604,4.9666,3.948567,4.087534
17031,60248877811546112,47.90808720854999,19.72664828435,1.1809480000000003,4.064342,10.2607,4.585422,3.404474
29455,405987526029851264,25.91533157511,50.68866947907001,-0.05104099999999967,4.081212,5.9211,4.019928,4.070969
90056,181124307088367232,79.5442171546,33.370897989090004,1.4788699999999997,4.116194999999999,27.8198,4.799452,3.320582
90020,1926476042681491712,355.1026126546,44.33384847092,-0.07825900000000097,4.147998,2.5944,4.089887999999999,4.168147
80729,1386158505321789696,242.19224169755,44.9350698604,-0.034279999999999866,4.190117,4.2739,4.1925360000000005,4.226816
56220,482818271843093376,73.51254990848001,66.34270799686999,0.07939300000000049,4.212864,61.3498,4.228461,4.149068
34857,1707399209837352064,236.01507917363,77.79448391627,0.09789300000000001,4.2679730000000005,5.816,4.289688,4.191795
63153,2096875399817444736,281.1932967032,37.60520976092,0.2661150000000001,4.316457,3.3613,4.392447,4.126332
34935,1724851173788449536,263.05490751446,86.58669984134,0.05626700000000007,4.321091,3.071,4.342093,4.285826
386,146483849657244928,70.5612622075,22.95682713679,-0.1669589999999994,4.321626999999999,5.667999999999999,4.177811,4.34477
27488,582791194797052416,132.10812687511998,5.83768158291,-0.008933000000000746,4.339961,4.9263,4.317524,4.326457
32681,1004671160675810816,94.90567921603,59.0110906288,0.047306000000000736,4.436156,3.5385,4.435762,4.388456
47912,1990723839987250176,348.13812894607,49.40663255426,0.434253,4.438951,1.8092,4.606249,4.171996
75170,2419885149815948416,355.68105806185,-14.5451998902,-0.04591999999999974,4.473714,2.0335,4.45178,4.4977
28939,375010813139050368,12.45365436059,41.0788278102,-0.18458299999999994,4.49091,5.8888,4.423494,4.608077
96318,184433149893809024,81.16308634194,37.38530042175,1.582334,4.515971,47.1547,5.266807,3.684473
3557,2702544403629124224,336.31934038804,1.37740985144,0.06154100000000007,4.525096,6.6373,4.519456,4.457915
76301,2840673506807375360,350.15953538948,23.74034392901,0.2826960000000005,4.533373,3.0779,4.637066,4.354369999999999
2961,2163949388695291136,314.95652722896,47.52095244138,0.10557000000000105,4.549879,8.6314,4.603998000000001,4.498428
75044,2328250059757795072,357.23194377728,-28.13074342707,0.009323999999999444,4.554578,1.9729,4.560773999999999,4.55145
199,93806419367308544,28.382917106740003,19.29342301216,-0.028432000000000457,4.562396,2.1211,4.552057,4.580489
32904,1043382731705599360,137.73038701292,63.5133604349,0.45615200000000033,4.565455,2.5606,4.743432,4.28728
31159,418090121095577216,7.943449071210001,54.52217954002,-0.09065600000000007,4.648081,6.3637,4.663245,4.753901
34389,1524913024458144256,199.38485314248,40.57268849014,0.40464699999999976,4.652891,4.8964,4.791037,4.3863900000000005
82207,175909804473075968,65.10252672205999,34.56669459662,1.0970109999999993,4.68065,10.4478,5.152829,4.055818
17331,61033001402831872,50.68825067128,20.74200297961,1.3863539999999999,4.701843,18.1154,5.339689,3.953335
89326,1870779903225039872,311.85228812221,36.49067518364,-0.12846699999999966,4.712803,6.946000000000001,4.485445,4.613912
87599,1835335977682835200,303.81626848478,25.59193776936,-0.23436399999999935,4.766654,6.8657,4.653462,4.887826
23615,257075615399416448,65.38833252076,46.49872278243,-0.015753000000000128,4.782536,4.8777,4.771406,4.787159
30063,935456044713157888,122.11395840541,51.506646114510005,0.059478000000000364,4.791666,3.5708,4.801031,4.741553
80419,1334035606852913536,259.3315097592,33.10007734754,-0.24436299999999989,4.815964,6.0181,4.699851,4.944214
89907,1908095850396090880,339.81531786164,39.0502452024,-0.3029839999999995,4.825453,9.3616,4.713965,5.016948999999999
34210,1420972823029057408,263.04518678233995,55.18448601891,0.3672589999999998,4.839051,1.785,4.95608,4.588821
34766,91181575874485632,29.33791322641,17.817467201320003,1.1264590000000005,4.843748000000001,18.496,5.3221050000000005,4.195646
79979,1234645287617291520,220.18155997269,16.41839583823,-0.11528400000000083,4.85487,3.0864,4.812378,4.927662000000001
28553,346231302441905920,30.97825852213,42.33069921796,-0.040904000000000273,4.862768,2.6486,4.838847,4.879751000000001
238,49298394834276608,64.31506301994,20.57833299896,0.34999999999999964,4.864198,1.5656,4.994997,4.644997
31025,415024618257029888,12.20863075856,50.96812889649,-0.11441299999999988,4.867326,3.3122,4.82453,4.938943
34464,1576850723937017216,195.18311488813,56.36635375953,0.5182950000000002,4.885962999999999,1.7353,5.016466,4.498171
75833,2713130535941345792,343.8073072944,8.81623656106,0.03093400000000024,4.887580000000001,3.4610000000000003,4.890669,4.859735
86501,1827977186901985024,297.76723062926004,22.60997784575,-0.2213940000000001,4.887583,4.7046,4.81008,5.031474
9266,265722999474087424,76.66908986186999,51.59695829274,0.49361699999999953,4.898983,1.7122,5.060484,4.566867
79581,1053778957742409984,156.03259900577,65.56632923066,-0.034892000000000145,4.9112540000000005,3.9044,4.898377,4.933269
75595,2645537646306946688,351.73353624987,1.25517855366,0.04854499999999984,4.915504,1.9119,4.929165,4.88062
18077,218170461600456576,55.59437438044001,33.96500483922,-0.004764000000000657,4.917594,10.3637,4.906857,4.911621
36179,1808282768947879808,303.5694998678,15.19786217788,0.09386199999999967,4.923669,1.9904,4.958749,4.864887
7241,241279069280395904,50.36028874912,43.32964658483,0.07877200000000073,4.930196,1.9455,4.9631110000000005,4.884339
84062,3029560533494670592,116.48690700886002,-14.563778570639998,0.4790030000000005,4.935122,4.3235,5.118985,4.639982
80178,1320255698202371072,240.36049337661,29.85102976643,-0.05523699999999909,4.954191000000001,3.9265,4.9336660000000006,4.988903
41510,441416161501150848,52.01294917356,49.0627542813,-0.1159750000000006,4.954242,4.9725,4.908151999999999,5.024127
63997,2131342100048643584,285.3600707927,46.93440365999,0.26363299999999956,4.96545,1.8806,5.060822,4.797189
61778,2079990268472754048,295.20963297185,45.52547336627,0.5515970000000001,4.973558000000001,3.3183,5.172752,4.621155
95077,1993966437221117568,359.75231305089,55.75490952438,-0.11241099999999982,4.983272,7.513,4.9143300000000005,5.026741
80695,1374695306328813568,234.84438427599,36.635777880940005,-0.14053100000000018,4.9854970000000005,4.3082,4.936498,5.0770290000000005
91471,1971467916750747264,319.61330451716,43.9459064882,-0.030506999999999174,4.992317,11.9802,4.959116000000001,4.989623
59615,2067050940754838656,312.52131048717,44.0598901552,0.2720590000000005,5.007864,1.9602,5.112191,4.840132
41773,442501619995081088,49.78198800505,50.09486073045999,-0.05852199999999996,5.009382,5.0773,4.980562,5.039084
28572,775456761905169920,165.2096529279,39.211956164,0.3592050000000002,5.012182,6.6378,5.132551,4.773346
42356,1931392955601291392,345.65192928728,42.75779611527,0.17396100000000025,5.012317,4.5384,5.108831,4.93487
34070,1367510272719203968,267.26750104937,50.78197500609,0.061932999999999794,5.012529,3.0184,5.021822,4.959889
57596,2804805822600404736,13.81125954427,24.55700246526,2.646611,5.026294999999999,126.2636,6.485322,3.838711
64616,2157548616097840000,275.97720848164,58.80101718426999,0.08464500000000008,5.029228,2.2981,5.060428,4.975783
71723,2210840501590321792,356.97839098332,67.80680198767,0.021785000000000387,5.031558,3.5013,5.035815,5.01403
29027,873246776325007232,112.33499918997,28.11804171473,0.17954499999999918,5.039443,2.406,5.102618,4.9230730000000005
82018,1796736625538995072,328.26575183722,25.9251314654,-0.22875900000000016,5.049913,4.5292,4.967956,5.196715
31154,418030923572427520,9.03480008335,54.16844144322,-0.11501600000000067,5.055149,3.914,5.008042,5.123058
87253,1833224949722816768,301.72260596153,23.61442618026,-0.24839699999999976,5.057024,3.4193,4.951148,5.199545
34800,1693272581363394304,183.04999208719,77.61633033521,0.44888300000000037,5.061902,1.8883,5.230208,4.781325
94533,1985552905521456768,344.26882118736,48.68404419023,-0.1603349999999999,5.06683,6.988,5.002889,5.163224
79682,1103352844667317632,103.42609455062,68.88834524989001,-0.1261549999999989,5.086468,8.2671,5.0207690000000005,5.146923999999999
18456,448233374109147264,52.5004020532,55.45175365798001,0.05182200000000048,5.087484,2.2475,5.101030000000001,5.049208
28694,829776725129940480,160.88531071467,46.20357666384,0.4695740000000006,5.087954,2.1361,5.263423,4.793849
79678,1102797861873269504,102.73787941728,67.57195536591,-0.21646300000000007,5.096458999999999,7.2835,5.016178,5.232641
69,16370186245017600,52.60189379568,11.336366312510002,-0.035312999999999484,5.115597,3.8932,5.099041000000001,5.134354
1934,164262059326729088,61.75143818478001,29.00134411388,0.4891110000000003,5.116439,1.6027,5.2990580000000005,4.809947
81060,1556189972738829184,199.56021486018005,49.68213630008,-0.06357400000000091,5.128485,2.747,5.100080999999999,5.163655
35036,1738927465244452736,320.72363034375,6.81118757934,0.10964399999999941,5.129973000000001,3.9679,5.163797,5.054153
27870,653239928447149056,121.26854590933998,13.11793654777,0.017831000000000152,5.13089,2.2642,5.1336580000000005,5.115827
76397,2858826134543154304,7.530907981519999,29.75130590539,0.40209899999999976,5.130911,3.2434,5.27789,4.875791
6049,217180007783721472,57.38607924826,33.09139852205,0.09746599999999894,5.134794,3.4877,5.148683999999999,5.051218
34407,1537396673318780544,180.52635602268,43.0459509863,0.38089899999999943,5.151228,1.8616,5.289986,4.909087
25932,533842792557160576,25.73378565583,70.62246295889,-0.02175499999999886,5.169517,2.9167,5.1561330000000005,5.177887999999999
9459,270175746685064704,88.74094972933001,59.8882903233,0.04955200000000026,5.173921,4.8481,5.185008,5.135456
34614,1639947946747724160,236.66707720542004,62.599305925180005,0.07930199999999932,5.182029,3.3247,5.204343,5.125041
8714,195012444618313856,80.45182535608001,41.80440450772,-0.19401199999999985,5.182961,4.8649,5.110652,5.304664
78114,592021045155272832,136.93662365798,10.66814608332,-0.0969559999999996,5.189373000000001,5.2284,5.158038,5.254994
27679,610526719204475136,134.31257024512,15.32285724815,0.200349000000001,5.1951,2.0499,5.267294000000001,5.066945
62981,2090364641714902144,282.47043249132,32.55100797182,0.15299900000000033,5.198685,2.8711,5.251894,5.098895
90092,1932278646577186688,340.3693612705,40.22542709403,-0.19198000000000093,5.210194,7.4006,5.112083999999999,5.304064
12472,48794509270782976,62.29202415441,19.60907611819,1.223248,5.212071,12.2518,5.746859,4.523611
42617,132751808418537472,36.86558602343,31.80115559038,1.289168,5.22053,10.7977,5.79136,4.502192
10090,277676649371573504,72.00156599761,56.75655195981,0.31653600000000015,5.225679,2.3698,5.344794,5.028258
10821,325989155933856640,33.98445061574,33.35875245505999,0.016606999999999594,5.229976000000001,3.2239,5.230723,5.214116000000001
66048,160242622770291328,72.30362062489999,31.436915178770004,1.3069959999999998,5.236925,10.159,5.821958,4.514962000000001
28651,813089746389964032,144.59065625353998,40.23983896439,0.2959700000000005,5.237008,1.7044,5.340365,5.044395
78505,817013387993056640,138.45070383995,43.21768928870999,-0.14095299999999966,5.241456,5.8212,5.199314,5.340267
41421,440905919385318656,45.2177524638,52.35162301438,-0.055785000000000196,5.246112999999999,3.9419,5.217976,5.273761
75664,2677228629435903104,331.19750939727004,-0.90653607586,0.30105500000000074,5.248556,3.1824,5.357041000000001,5.055986
10732,543215506409139328,52.58089003049,71.86390057085,2.519291,5.248961,224.7437,6.64116,4.121869
75000,2304182888391818240,333.29776845837,86.1081786583,-0.019231000000000442,5.250244,2.5053,5.238176999999999,5.257408
33901,1337664063942689792,255.40152067635,33.56826961228,0.0365650000000004,5.257055,3.3969,5.262148000000001,5.225583
61582,143119137916819456,43.42786006164,38.3371051709,0.5782610000000004,5.266964,5.0923,5.45392,4.875659
715,107720086182025984,34.73750893038,28.64267933717,0.055134999999999934,5.274439,3.8051,5.287496,5.232361
66667,2170789141296514560,321.71548773842005,48.83527975482,0.14149000000000012,5.275363,4.3785,5.318135,5.176645
76079,2790497534190737152,16.42090226228,21.47308784144,0.013690000000000424,5.283986,3.1186,5.315189,5.301499
33907,1338482130657660288,257.00846559135,35.93509929325,0.43281800000000015,5.287159,2.8977,5.485928,5.05311
41540,441641698824102528,50.80513782718,49.21315985535999,-0.08222799999999975,5.297275,4.3492,5.258018,5.340246
61502,2077737571001053312,293.67193781091,42.41237254162,0.11941799999999958,5.299655,6.6246,5.352709,5.233291
1791,181233674136088960,79.75019112417,33.74826565641,-0.21504499999999993,5.3304730000000005,3.068,5.248944,5.463989
90298,1944475838303255424,354.78459611519,50.47172357565,-0.046778999999999016,5.331331,3.8901,5.30463,5.351408999999999
117,61292039470080384,50.30689150696,21.14697815418,-0.07578399999999963,5.3360970000000005,4.4522,5.231083,5.306867
79406,982431540841766912,116.01737035553002,50.43367672266,0.04456799999999994,5.341067,5.4202,5.295943,5.251375
20114,246890426876337280,58.99250823051,47.87132724861,-0.07873199999999958,5.345923,6.3835,5.306807,5.385539
49550,2001025095719170560,332.79222538642,50.82357353648,0.21232400000000062,5.352735,2.1555,5.4230480000000005,5.210724
28086,670326064263850624,118.91615543264,19.88378998762,-0.0199309999999997,5.358676,5.4353,5.344843,5.364774
28561,767158369693232384,172.26686535352002,39.33702673194,0.014015999999999806,5.359505,2.1522,5.358751,5.344735
70180,3538455231113495040,169.44616386020002,-22.14598224322,3.552860999999999,5.366137,122.0891,7.542180999999999,3.98932
80069,1278089775171112832,230.4521390587,32.93375458989,-0.06790600000000069,5.366265,2.2876,5.335242,5.403148000000001
79773,1139165175331616768,121.19537462772,79.4793912453,-0.038771000000000555,5.373844,2.9560000000000004,5.351183,5.389954
35290,1756148222519224192,308.48799252185,13.02738034098,0.08257100000000062,5.379509,2.2228,5.402548,5.319977
39120,1847482042098648832,321.91711442063,27.60868742613,0.04663800000000062,5.379911,1.9118,5.3894720000000005,5.342834
34353,1493793375056918016,219.70885000713,44.404420367940006,0.04142400000000013,5.383826999999999,1.9723,5.387093,5.345669
64086,2134604351047361920,286.22982658139,53.39675092071,-0.01737000000000055,5.394147,3.1717,5.381284,5.3986540000000005
26897,555179502886541824,50.08366448302999,77.73446502838,0.28819200000000045,5.397399,3.2087,5.505592,5.2174
80822,1425769751741972352,249.05708191785,52.924542063,-0.0764649999999989,5.401847,3.5373,5.3644620000000005,5.440926999999999
14979,418414069011230720,11.3213236408,55.22137253804,0.04629700000000003,5.411243,3.6191,5.411993,5.365696
28452,712942516481108992,134.23554291481,32.91013378101,0.2222299999999997,5.414233,2.2764,5.48835,5.26612
35252,1754631755466911360,309.45484189392005,11.377636970929998,0.05877199999999938,5.4185,1.9356,5.433475,5.374703
20497,248963242512513792,53.0359901177,48.02335249619001,-0.1062289999999999,5.425504,4.7713,5.389949,5.496178
81178,1643563042195991424,241.58156798648,67.81041603789001,-0.019525999999999932,5.42619,2.3052,5.409451,5.428977
94890,244122956108424576,57.51818282639,44.96772963314,0.9777380000000004,5.431451,7.8638,5.843115,4.865377
75221,2457106882592567936,21.71491675224,-13.05646836285,0.44650299999999987,5.4357,1.6695,5.594537,5.148034
137,65287458566524928,56.20099235354,24.28926774501,-0.02122200000000074,5.441325,3.5242,5.419782,5.441004
18092,218954825708955776,59.11955530747,35.08087855944,-0.03741100000000053,5.441631,8.57,5.413131,5.450542
74728,2285649898351302656,337.47082277593,78.82419405233001,0.12371700000000008,5.442163,2.4530000000000003,5.480845,5.357128
34795,1692365552989740928,184.70765754694,75.16057861697,0.09002600000000083,5.447877,3.1878,5.47046,5.380433999999999
55662,2037646495139760512,286.65760935463,28.628971799370003,0.4046700000000003,5.456143,1.8709,5.599297,5.194627
34709,1663104284399348992,202.1121602264,59.94594122616,0.007782999999999873,5.456955000000001,2.1761,5.448526,5.440743
81264,1704123214941238656,242.70632973892003,75.87761974115,-0.11383499999999991,5.457001,4.4536,5.405545,5.51938
33900,1337345922829546752,260.91943127206,37.14681735989,0.025790999999999897,5.459201999999999,3.4501,5.452335,5.426544
81105,1596640009092360320,235.71102161497,52.36103145948,-0.0359430000000005,5.463089,2.419,5.441445,5.477388
76,49415527182759296,64.85887727128001,21.14211470952,-0.09154099999999943,5.480601,2.1351,5.4408330000000005,5.532374
76201,2821368419085908352,354.48690399844,18.40074218645,0.008960000000000079,5.484931,2.1914,5.476509,5.467549
28331,314142055583243904,15.70464916109,31.80412443948,-0.05756100000000064,5.489895,3.01,5.459922,5.517483
29637,408620409702994432,27.99726590871,55.147346980440005,-0.266788,5.490368,6.1797,5.384411,5.651199
381,146100115802055168,66.82270498474,22.99626629352,-0.12246799999999958,5.4972080000000005,2.6201,5.444005000000001,5.566473
32853,1031902077964410752,125.95187738551,53.21927485898,0.15258400000000005,5.499505,1.6631,5.549802,5.397218
25596,271495572960091648,65.04796937552,50.92090732614,0.02289500000000011,5.506033,9.0322,5.489922,5.467027
4187,194828345140276736,80.70956456433001,41.02927072928,0.21241299999999974,5.509265,3.4316,5.575826999999999,5.363414
34866,1709205638721316352,246.42733119113,78.96432577552,0.3189720000000005,5.510821,1.664,5.621630000000001,5.302658
75006,2304407257482669952,351.7609711241,87.30758267869,0.3286359999999995,5.512135,4.1234,5.62815,5.299514
10875,328788886199337344,30.74139776648,33.2841025013,0.06492000000000075,5.512828,3.4026,5.520584,5.455664
80821,1425757966351711616,249.04749062196,52.90017523699,-0.05820999999999987,5.51291,3.2018,5.485665,5.543875
35454,1767847850870013696,330.27254765434,13.119566794230002,0.49988100000000024,5.5178650000000005,3.3841,5.698387,5.198506
35315,1757995264614220672,313.91088780118,12.56870049523,0.17852699999999988,5.520574,2.1191,5.574465,5.395938
81693,2978712621830357504,71.03349954846999,-18.66666308674,0.047117000000000075,5.521369,2.7702,5.52741,5.480293
31244,418916648901801728,6.065336989330001,52.01989950745,-0.1381129999999997,5.521783,7.5819,5.493744,5.631857
82762,1820154058573970944,299.43941003817,16.78924326804,-0.051602000000000814,5.526459,3.4824,5.496281,5.547883000000001
43965,1963019544282480384,333.45563482111,45.440630098190006,0.013404000000000416,5.527112000000001,2.1846,5.518388,5.504983999999999
87432,1834396891668192256,298.62958361209,24.31938109855,-0.01115300000000019,5.527268,3.607,5.535175,5.546328
28708,355656522274764288,35.24278261404,50.15135542256,-0.09206000000000092,5.531337000000001,2.9962,5.503051999999999,5.595112
24764,65319619282119808,59.21732789669001,22.4774667858,0.4895050000000003,5.531594,2.1361,5.708281,5.218776
78044,570248000507985920,67.0550922658,83.80784454081,-0.1490070000000001,5.538429,4.0578,5.449498,5.598505
76078,2790213894550349824,16.9885999223,20.73866924492,0.16186899999999937,5.54293,2.4093,5.592435,5.430566000000001
73399,523449792035598848,17.85695970942,64.20259345453,-0.059966000000001074,5.546751,3.2622,5.515228,5.575194000000001
41532,441592667477558912,52.21818892917,49.84827347027,-0.027966000000000157,5.550932,5.0075,5.524941,5.552907
73959,2245998176160116736,310.79620624717,66.65760003893,0.29612700000000025,5.552067,1.6624,5.651855,5.355728
75776,525001344680906880,17.922754399389998,65.0187981679,-0.10207799999999967,5.553751999999999,3.0198,5.512156,5.614234
27379,573196890693529088,13.72377943169,83.70733017949,0.14562100000000022,5.57089,2.5311,5.616837,5.471216
72179,2215178933954312448,351.82089824095,70.35976289489,0.22685300000000108,5.571363,2.315,5.6453050000000005,5.418451999999999
58628,2060590416602748416,304.61962060799,36.99989745559,0.04852499999999971,5.57188,1.7517,5.58058,5.532055000000001
81557,2960561059245715968,75.97208798410999,-24.3883160361,0.129486,5.573591,1.8854,5.611863,5.482377
81093,1588975588412216576,226.35720532511,48.1510979041,-0.010613000000000206,5.579378,2.0897,5.565291,5.575904
88230,1855937763254222592,309.26954461035,26.46189388727,-0.058670999999999474,5.5801620000000005,2.291,5.54928,5.607951
27233,565525976023772288,18.07241695943,79.67394179451999,0.04675200000000057,5.584767,2.4345,5.592087,5.545335
39106,1846740215346263936,321.14193275801,26.17458354039,0.46123599999999954,5.585765,3.2110000000000003,5.751461,5.290225
11017,560881879425930112,38.62930148974,76.71792198823,2.6430109999999996,5.590299,99.2988,7.036737,4.393726
34443,1562168842092340352,203.53029011446,55.34840809962,-0.023746000000000045,5.59287,2.4456,5.573586,5.597332
11533,348684450322398976,25.16585933646,43.29748897229,0.2919710000000002,5.597114,3.1074,5.696947,5.404976
33032,1083720411714068352,124.46002045787,59.57114543016999,0.24875899999999973,5.598015,3.1582,5.677542,5.428783
8,3665501184671104,45.59389899409,4.35291423416,-0.14166799999999924,5.600941000000001,2.7836,5.543642,5.685309999999999
75212,2451838022871837312,23.65784669926,-15.676374654620002,0.07496399999999959,5.611201,1.7107,5.627644999999999,5.552681
30416,103563657351014144,36.7800226524,27.01205883959,1.6290239999999994,5.611208,22.81,6.379554,4.75053
75747,2694123759468340352,326.80820636149,2.68610756598,0.048363000000000156,5.617033999999999,4.4656,5.619479,5.571116
12680,383275940831929728,3.37777193842,41.03472004815,0.47049899999999933,5.619107,1.7116,5.788641999999999,5.318143
41718,1901075056335332608,337.50772629854,32.57257698565,-0.02751899999999896,5.623025,3.1977,5.602066000000001,5.629585
59228,2064128301409598464,306.89258520738,38.44004410131,0.10226700000000033,5.626205000000001,2.5265,5.648844,5.546577
34499,1595903095782563072,230.02154135993,51.9585658943,0.16235899999999948,5.626817,2.1339,5.681207,5.518848
35696,1792362184167367168,320.99577195916,24.27421690479,0.43925199999999975,5.627089,2.2627,5.783989,5.344737
26311,539047365205648128,11.4125564129,74.98796866670999,0.11242800000000042,5.630169,2.9562,5.658755,5.546327
78192,629607506553221888,150.70388365468,21.94923477831,-0.2568950000000001,5.631001,5.4217,5.532959,5.789854
19619,244600281592631552,56.49705635101,45.68181626158,-0.07650000000000023,5.631493,4.8187,5.592127,5.668627
28453,712988829111292672,133.14422878801,32.47422948872,0.28913800000000034,5.632745,2.5925,5.731309,5.442171
34267,1435825026095907072,261.42222965816,60.04850388296,0.054043999999999315,5.633265,2.7102,5.642384,5.5883400000000005
163,69812945346809600,56.290682910440005,24.83905700412,-0.08046599999999948,5.640408,3.1379,5.6003620000000005,5.680828
82327,1808075236135604736,300.87508656395,16.03121591396,-0.11365100000000083,5.640601,4.4286,5.586789,5.70044
93327,3095347406555949568,120.30777111064,4.87991999222,0.014213999999999949,5.643054,2.6289,5.636182,5.621968
62308,2084032554258818944,306.75991741942,49.38361485993,0.4460230000000003,5.645087,1.668,5.801251000000001,5.355228
81496,2954283191455209728,101.66251230764,-10.10735699262,-0.03252200000000016,5.647234,4.6008,5.621451,5.653973000000001
81377,1735906350890358144,311.95142440772,6.0081501709300005,0.02675099999999997,5.649290000000001,3.8487,5.582459,5.555708
27680,610549499710989440,134.39694251511003,15.58137728731,0.2850089999999996,5.650792,1.8028,5.746092,5.461083
8667,257475386655383552,70.35083089345001,48.30067878523,-0.010303999999999647,5.653789,2.6098,5.641185,5.651489
103,57111696260204800,55.57896969854,19.70019726094,0.021245999999999654,5.656581,4.275,5.648130999999999,5.626885
1315,145391484855481344,67.00372585557,21.6197156716,0.373621,5.657322,2.023,5.787465,5.413844
11332,587210372546203904,140.8730722166,7.7135733528,2.6557119999999994,5.661678,123.1661,7.11009,4.454378
5873,379242524156416384,5.73906269136,38.75429286669,2.4900790000000015,5.662571,109.1948,6.995382000000001,4.505303
81063,1561439694084279552,206.64842814289,54.43265768882,-0.03652300000000075,5.67088,2.2415,5.648845,5.685368
39447,105599987245304192,30.91456196685,25.935532384770003,0.7231059999999996,5.676262,3.0513,5.860846,5.13774
39640,106051542927008128,33.942746686940005,25.78264869992,0.5947719999999999,5.679015,2.0539,5.901092,5.30632
89781,1893599923453399040,331.39462936573,28.96393666205,-0.06447600000000087,5.679202,2.3782,5.643758999999999,5.708235
89912,1908368597999299840,338.9678338959,39.63430712685,-0.2281209999999998,5.679723,5.9031,5.596197,5.824318
86767,172817599818083712,66.15632281288,33.95940085366,0.5646370000000003,5.681193,2.0572,5.886461,5.321823999999999
28769,358011366943014016,28.0391745508,50.79266351905,-0.07536899999999935,5.683458,3.7266,5.64539,5.720758999999999
29019,873009384892137344,111.13945685003,27.63792298993,0.4887390000000007,5.692213,2.9593,5.867918,5.379179
80721,1384384649468452224,238.87732474792003,42.56626439483,-0.11437700000000017,5.698397,3.6685,5.647822,5.762199
43473,1953588728112369408,325.85707942173,38.28357213368,-0.018356000000000705,5.704111,2.1719,5.684702,5.703058
919,124947303086584320,52.08640141552,33.80729942499,0.07439699999999938,5.704680000000001,3.0095,5.72058,5.646183000000001
21822,493226386350323712,56.50486707641,67.20109687138,0.46982800000000147,5.708734,2.3146,5.876791000000001,5.406962999999999
79381,976346160595410304,112.21449530386002,48.18373511538,-0.12147599999999947,5.711954,3.9385,5.638098,5.759574
90704,1962740066469924096,330.73595613676,44.64971783283,-0.012889999999999624,5.712503,3.6565,5.554928,5.567818
34835,1704421629268883456,240.8802750815,76.7940335885,0.09238399999999913,5.713057,4.9364,5.733871,5.641487000000001
89948,1915667396702502400,343.93554750397004,36.35139360563,-0.03846799999999995,5.718545,4.7009,5.680452,5.71892
88137,1852355455594429440,317.16216732481,30.20554376623,-0.11613300000000049,5.718819,2.63,5.655773,5.771906
32925,1053660244847204864,154.5075028864,65.10831235578,0.21495599999999992,5.720902,2.5387,5.789047,5.574091
18091,218804811091303936,57.97384622535,34.35909872011,0.0005899999999998684,5.727925,8.6273,5.711457,5.710867
1684,157860462109271808,70.33252610996,28.6148577705,0.0021729999999999805,5.728745,2.4837,5.720106,5.717933
32824,1023758545093682304,136.00163971472,54.2838939476,0.044647000000000325,5.731674,2.7651,5.736171,5.691523999999999
8993,260882262095073920,74.02944308941,52.86980380345,0.1528539999999996,5.731692,4.7496,5.776235,5.623381
29205,883371800947871360,107.84601815041,26.85644205828,0.1824710000000005,5.732291,3.5967,5.785986,5.603515
44066,454385485266854016,40.76209686242,55.10592188826,-0.1483439999999998,5.736586,2.5239,5.673814,5.822158
34238,1428733073017472000,246.10566458906,55.20518903906999,0.009535000000000515,5.736858,3.1551,5.729568,5.720033
34183,1416872022613598464,265.99667548771,53.80163166547,0.05179100000000059,5.737591,3.8367,5.742497,5.690706
34951,1727877167227120128,262.70293544843,86.96809054413,0.2867550000000003,5.737864,1.7401,5.827979,5.541224
90009,1925017677944306176,351.78136256819,42.91208603012,0.001058999999999699,5.73877,2.3749,5.724906,5.723847
74924,2298839158800911616,310.64782760182004,82.53124936723,0.012167000000000705,5.739139,2.8673,5.733717,5.72155
75590,2643278837107816192,357.36446340778,1.0760072469700002,0.2363179999999998,5.740946,3.2424,5.816083,5.579765
11191,339057779344285824,35.70915235581,41.39585484434,0.4033769999999999,5.743348,1.9378,5.87944,5.476063
66791,2171316219676385664,323.23592286367,49.97768092471,-0.036774000000000306,5.745666,3.358,5.731555,5.7683290000000005
33715,1249218214732128640,205.16840083709,19.95582129877,0.034893000000000285,5.754958,2.553,5.7579720000000005,5.723079
11696,53112944270520832,61.33523408583,22.00832433741,0.8038420000000004,5.756682,1.0268,6.073628,5.269786
81888,1780482957460615040,327.89280141831,19.82674256639,-0.141972,5.761835,3.2763,5.702992,5.844964
61770,509717686388338816,25.832437982090003,60.55127983308,0.03789700000000007,5.76202,6.4911,5.753529,5.715632
246,118591610481186688,48.05941829715999,27.25688693537,-0.12582000000000004,5.763619,2.459,5.707319,5.833139
34502,1598002510156627456,233.98737040194,54.63050339845,0.0582180000000001,5.764079,2.0983,5.775064,5.716846
33613,1197801408889764480,235.47769686502,18.46427791957,0.26829899999999984,5.7692120000000005,1.8134,5.859413,5.591114
35834,429451138534730368,1.27576737709,61.3139792212,-0.07584500000000016,5.775652,4.6054,5.734503,5.810348
28902,369934093075424640,17.79273239059,37.72410007071,-0.11498200000000036,5.775824,4.8338,5.722963,5.837945
79418,987326158587778432,110.71688681784,55.28125527997,-0.10697900000000082,5.776372,3.7765,5.725855999999999,5.832835
6938,236572025642774400,53.39606508627,39.899270058240006,0.1656789999999999,5.777679,1.6798,5.829674,5.663995
33763,1281505648559728640,222.49341975376,28.6158286172,0.10275000000000034,5.781428,2.9022,5.805159,5.702408999999999
21490,487090527352385408,57.40232630367,63.2966856865,0.27553099999999997,5.782506,2.7674,5.875971,5.60044
76908,2897372641393464064,91.52313534713,-29.75880719084,0.05319299999999938,5.783748,2.3262,5.792530999999999,5.739338
79060,2932289110610225408,103.76140720557,-20.40492269108,0.08503399999999939,5.784071,5.5194,5.801601,5.716567
42852,133296307192505472,39.17915873626,31.60766888527,1.2193439999999995,5.785657,10.4359,6.310617,5.091273
33694,1234645287617291392,220.18303769217,16.41783097143,0.31438699999999997,5.786731,3.2822,5.889737,5.57535
271,125587218853717120,51.12393207052,33.535826777240004,-0.031061000000000227,5.788016000000001,2.4493,5.785769999999999,5.816831
1857,161175622809301120,72.32959776912,32.58803826578,0.3351620000000004,5.792547,3.6091,5.907803,5.572641
20674,469919007590613888,58.43108707768,57.97474044202,0.2186370000000002,5.792563,1.6735,5.846255,5.627618
34058,1365497616683816064,261.6843393356,48.26004196765,0.20967100000000016,5.802926,3.6102,5.869478,5.659807
16842,49729231594420096,60.20380195133001,18.19387756746,0.44740100000000016,5.804048000000001,1.847,5.962929,5.515528
11225,46042431666550400,63.13087298078,17.27737247117,1.2117939999999994,5.804848000000001,11.1503,6.33287,5.121076
56851,499294487942493184,79.55513908006,73.26797189084,-0.042627000000000415,5.80542,2.4974,5.780196,5.8228230000000005
74729,2285651685057680640,336.67638831053,78.78565678181,0.19652500000000028,5.819845,1.878,5.882894,5.686369
31524,961247873083084800,91.26383041194,42.9809850659,0.47115999999999936,5.820564,2.1046,5.986701999999999,5.515542
34515,1606779808402312320,219.563550716,54.02325767588,0.01131300000000035,5.82109,2.8695,5.813059,5.801746
6346,29407129975205888,47.84125888774,13.04791591368,1.2015219999999998,5.824617,10.7883,6.345467,5.143945
88887,175618983647633920,70.46076682853001,38.27974472689,0.7420010000000001,5.832274,1.7378,6.120894,5.378893
5071,23420151723059200,37.39732484978,9.565635854439998,1.1935099999999998,5.834278,8.6353,6.340275,5.146765
34714,1665940268484708608,205.37513087605,64.82235758986,0.0948380000000002,5.835414,1.9313,5.860973,5.766135
71738,3693745649213278208,187.29028783413003,-2.42958606979,2.503716,5.835685,113.3826,7.170064,4.666348
75436,2574158313504213504,27.71623775092,11.04325602313,0.440646000000001,5.847943,1.6476,6.00243,5.561783999999999
75585,2641159940760868736,353.53803795861,-1.24762286186,0.3747619999999996,5.847972,2.6104,5.978685,5.603923
34362,1500347838748255360,206.55577043103,41.08855425282,0.28495699999999946,5.8501,1.7235,5.942163,5.657206
34469,1580673966384344960,191.82915213986,62.78117825168,0.2788890000000004,5.853086,2.1626,5.945646,5.666757
2188,8810116091022208,44.05766181697,8.38116469977,0.6144129999999999,5.860868,2.0689,6.090557,5.476144000000001
708,158774706027453056,68.65830879808,28.96105539632,-0.05091999999999963,5.865571,2.8098,5.832582,5.883502
34504,1598329954168339712,236.90813433781005,55.376644249440005,0.2815690000000002,5.868205000000001,2.3517,5.9581230000000005,5.676554
28534,752277235725496192,155.77630490504998,33.90812043703,0.20276499999999942,5.868836,2.2746,5.934022,5.731257
15978,57064451620025088,55.94727319452,19.66478829848,1.1638039999999998,5.869091,10.8304,6.36793,5.2041260000000005
18121,221980716066283136,53.166680775550006,35.46173171235,-0.09044500000000077,5.870154,7.9258,5.819774,5.9102190000000006
1540,154868690970232576,73.19654537769,27.89733865438,0.5099030000000013,5.880425,4.9891,6.0637620000000005,5.553858999999999
73513,2231970331935118208,348.6552794657,74.23130270076,-0.009370999999999796,5.882764,3.1765,5.869205,5.878576
13574,43615122310787840,58.29252814021,17.32695470319,0.47681600000000035,5.883992,1.7392,6.053148,5.576332
28361,322210134469243008,23.56929047864,37.23709521959,-0.08087700000000009,5.887055999999999,5.9676,5.846404,5.927281
34309,1452083298377571072,208.29222105253,28.64826005195,0.26018899999999956,5.887554,2.3401,5.970822,5.7106330000000005
4277,19400302852196096,38.76719730258,7.4704693687,1.2071990000000001,5.890975,10.0987,6.407816,5.200617
22058,500845452173512064,68.37827863742,72.52820286877,0.36602599999999974,5.89424,3.5531,6.020723,5.6546970000000005
782,115302421446877184,45.47551741922,26.462376976210003,0.18022500000000008,5.896229,2.0366,5.949848,5.769623
27300,568421574254377728,47.92646891412,81.47071246831,0.2042079999999995,5.897759,1.8321,5.963234,5.759026
74071,2251044762731468288,296.07685456652,69.33696276214,0.08741100000000035,5.897844999999999,3.7295,5.916235,5.828824
9395,268536134330778624,86.62678018051001,56.11531427049,0.22651399999999988,5.898814,1.8316,5.968324,5.74181
27596,599730751970496640,129.27390931303998,9.655560830630002,0.13882100000000008,5.903033,4.3701,5.940013,5.801192
75477,2592836679597890688,23.978845183,17.43393324153,0.34515899999999977,5.90313,2.2567,6.018802,5.673643
21097,476166638812476416,69.10056513484,64.26156415603,-0.00047999999999959186,5.903902,3.6599,5.891655,5.892135
33310,1120722620121914880,138.96777643235,72.94607194906,0.24474700000000027,5.907363,2.7397,5.986398,5.741651
27843,651636393815708800,127.15551782324,14.210769792610002,0.29075900000000043,5.910263,3.6524,6.00562,5.714861
76255,2832463659640297472,346.87016480276003,21.134030591020004,0.3938550000000003,5.910741000000001,1.5085,6.042507,5.648651999999999
34557,1625248992408317952,248.1072249659,60.82325166177,0.059930999999999734,5.913602,2.8635,5.925038,5.865107
27982,662418204838563072,125.84076871296,18.33207549731,0.2505190000000006,5.914784,3.7029,5.993482,5.742963
33693,1233902704963092608,214.0174380119,18.911664282910003,0.37057300000000026,5.919111,1.6304,6.044425,5.673852
78337,679023579196041856,125.13380005572,24.02222683649,-0.03388800000000014,5.921402,4.0126,5.887154,5.921042
12509,374478374633139712,15.72595246533,41.34513133704,0.20767500000000005,5.923483999999999,3.1508,5.992762,5.785087
33566,1175750359592418176,216.00362997495,8.24390715666,0.09717100000000034,5.926809,3.4005,5.952021,5.85485
76453,2866785052540493952,357.41446706815003,28.842502189540006,0.25219199999999997,5.931527,2.5276,6.011432,5.75924
33887,1335756411268494080,261.69211852331,34.69599266803,-0.008338000000000179,5.934814,2.0732,5.920218,5.928556
23666,517534664294712960,41.20727616114,67.82448892389,0.16559299999999944,5.93818,3.4704,5.986661,5.821068
1977,182071570715713024,79.07559666991,34.31251139077,0.4398940000000007,5.939674,8.196,6.084566000000001,5.644672
82776,3011731024732307712,88.03219249396,-9.04175858024,0.14432899999999993,5.941907,2.5544,5.979227,5.834898
73541,2232423983561258112,354.79250880607003,75.2929433138,0.14277999999999924,5.943437,2.1867,5.982648999999999,5.839869
1319,6803919687302528,45.46807230961,5.33621919396,1.2264089999999994,5.949055,9.4715,6.485092,5.258683
62481,2085224321778525696,299.83515963531,45.7724583684,0.25143500000000074,5.951048999999999,3.947,5.977237000000001,5.725802
42139,1924499223851942272,349.59711380627,41.77362397409001,0.2993319999999997,5.952224,4.5179,6.047251999999999,5.74792
82448,1810687847547417856,309.77069622254,15.8381295966,-0.22280899999999892,5.956425,5.3660000000000005,5.8659360000000005,6.088744999999999
75989,2759948634405916288,354.97972935423,9.67725035455,0.27785600000000077,5.958687,1.9685,6.048384,5.770528
18449,448152697443908480,53.41243208321,54.97485869949001,0.16608599999999996,5.9592410000000005,2.1293,6.007122,5.841036
76143,526024715129959296,14.62991401447,66.35173619401999,-0.003505999999999787,5.962488,2.5521,5.945668,5.949174
375,145259990135756928,65.884927558,20.98189032686,0.06780700000000017,5.969014,3.7222,5.977995,5.910188
81518,2955248214762066176,79.84867074664001,-27.36892210217,-0.03445799999999988,5.973187,2.784,5.950345,5.984803
80696,1374695306328813696,234.84260630488,36.63681234775999,-0.15688199999999952,5.975434,2.6275,5.905293,6.062175
34143,1403076622018971264,239.76846526028,49.88079899005999,0.40103300000000086,5.97994,1.7078,6.116214,5.715180999999999
14304,45142206521351552,61.92552108069,15.162685906660002,0.5067399999999997,5.984928,1.7546,6.166192,5.659452
81133,1616457469231459840,230.65532800355,62.04692093366,-0.040916999999999426,5.986301999999999,3.3293,5.960092,6.001009
23707,518109468363459968,30.71851036456,64.90140922037,0.03723899999999958,5.989309,1.9476,5.991611,5.954372
60478,508656210984467840,29.63861270118,61.69774189282,-0.016591000000000022,5.992555,5.0368,5.968486,5.985077
28553,763335539562111616,166.12974288103,38.24136548584,0.2211780000000001,5.996288,3.0386,6.063503,5.842325
3051,13898793343318144,47.161619603690006,8.471402351950001,1.2012329999999993,5.998988,10.4385,6.518025,5.316792
86837,3042058853965020928,115.14809047477,-8.18554363181,0.2042230000000007,5.999576,2.4843,6.058061,5.853838
80423,2946813453049392768,99.64756523978,-16.87365617854,0.06745900000000038,6.001098000000001,3.811,6.013022,5.945563
68995,2186085478327859840,304.60305823916,55.39695665068001,0.06184399999999979,6.001819,2.3114,6.011851,5.950007
67098,2172666007638706176,322.58486444482,52.95806801783,0.1336030000000008,6.007326,5.0471,6.041178,5.907575
75068,2348342573897042304,9.02822400614,-22.84256445537,0.37498699999999907,6.0127440000000005,1.6999,6.142542,5.767555000000001
32931,1056193279119417728,170.71346551321,64.3306660311,0.11602500000000049,6.01311,2.1016,6.042932,5.926907
15672,47752481485851136,65.10514180468,18.74248853644,0.5179040000000006,6.014479,1.8262,6.198556,5.680651999999999
29080,388066478631001728,11.5452117672,44.86147424815,-0.0667629999999999,6.017185,3.0359,5.980968,6.047731
34194,1418298742029999488,268.8488399785,55.97194307603001,0.44236500000000056,6.018775,2.0133,6.176154,5.733789
34438,1559292485314843008,205.97810999022,52.06438914377,0.003842000000000567,6.023171,2.0689,6.0130550000000005,6.009213
33210,1106747277578529664,97.06034910289,70.53536967984,0.15245599999999992,6.023981,4.9793,6.066175,5.913719
28370,693039912908555392,135.45318805882,27.90224127547,0.3233190000000006,6.024141,1.8586,6.13074,5.807421
64690,146841775050361472,70.80738729306,24.08883165135,0.6977190000000002,6.02485,2.609,6.290934,5.593215
27315,568948068526015104,32.35443348413,81.29597311708,0.17043000000000053,6.027644,1.9169,6.076063,5.905633
70843,2204774976978895232,335.75234675245,62.41941409038,0.07166200000000078,6.028221,5.2863,6.039151,5.967489
33646,1211853854683080192,226.83506743853,18.44160376676,0.09011300000000055,6.030386,1.8863,6.051623,5.96151
47466,140994842795719680,41.74330878468,35.98349785374,1.0902250000000002,6.031232,9.72,6.493582,5.403357
77081,2911477073475504000,90.30451615741,-25.41784933449,0.048663999999999596,6.037498,2.6181,6.042262,5.993598
32941,1059387566556243584,167.41477789026,67.2100912313,0.29541100000000053,6.038603,2.8201,6.135956,5.840545
131,64053566003097984,57.47955819208,22.24395883052,0.023481000000000307,6.040353,2.8707,6.03371,6.010229
75358,2538159890494125184,15.95483013557,1.3666677394600002,0.34606599999999954,6.040748000000001,1.9299,6.157046,5.810980000000001
17152,60573646058347392,47.33413496963,20.76106866606,1.3721360000000002,6.04289,15.7193,6.660262,5.288126
81811,1765751387137970816,325.63738082505,10.8242770102,-0.15291099999999958,6.046288,3.0296,5.979733,6.132644
74876,2294812815940339968,290.41833251063,79.60269205951,0.11044799999999988,6.046613,2.5604,6.077966,5.967518
76072,2789223097134820992,11.80728171932,19.57874245706,0.37214300000000033,6.0569,3.338,6.182519,5.810376
33904,1338021473942133376,255.97290840609,34.79019671215,0.2633169999999998,6.056928,1.6238,6.140813,5.877496
35087,1744655199270929152,317.630487941,10.04899199303,0.05370000000000008,6.059157,3.1509,6.066154,6.012454
33767,1285476672242623488,217.45685191781,31.79122024931,-0.028681999999999874,6.061587,2.2878,6.0392980000000005,6.06798
75437,2574616260097077760,29.85786664871,12.29470401773,0.24724900000000005,6.065569,2.7459,6.144758,5.897509
76141,2805741846297577344,13.99369393623,27.20943260468,0.17363399999999984,6.0667290000000005,2.0211,6.117513,5.943879
77085,2911684675014790272,92.80690423108,-26.48206481453,-0.007642000000000593,6.067115,5.8544,6.05207,6.059712
41514,441463612299313408,51.4892531625,49.12063982879,-0.09796499999999941,6.068375,2.6615,6.017674,6.115639
43523,1954418481436816000,325.39263044327004,40.8050047119,0.10735199999999967,6.069563,3.3919,6.09464,5.987288
84549,177739529262442112,63.71690973012,37.54265366483,1.1004179999999995,6.070096,9.7126,6.535151,5.4347330000000005
116,61026301253916800,51.10881968053,20.80344857307,-0.05255700000000019,6.070930000000001,2.0714,6.041249,6.093806
54766,2032861317502068224,295.79000780345,30.6779102463,-0.0027559999999997586,6.0763050000000005,2.3163,6.0655980000000005,6.068354
82864,3017430721211367168,89.75458865856,-9.38216191995,0.443937,6.078932,3.2808,6.235712,5.791775
33614,1198813956016764288,242.86975987047995,16.66571253732,0.024854000000000376,6.082109,2.5837,6.080489,6.055635
17286,1139801311528690944,102.15608319001,76.98984680324,3.6122539999999983,6.082435,125.2521,8.279900999999999,4.6676470000000005
33380,1133448230262547200,172.95639503240002,81.1274080795,0.32664200000000054,6.085317,1.8703,6.19742,5.870778
90460,1953209701537705600,327.12243500546003,38.64858487875,-0.09471100000000021,6.085362,2.9772,6.040075,6.134786
28399,332409925884477568,32.72002481549,39.03947779951,-0.07905799999999985,6.0890010000000006,2.532,6.050766,6.129824
29199,394976501194687488,4.42940917271,51.43307735243,-0.1885709999999996,6.089311,9.4029,6.003279,6.19185
64422,2143787918839367808,282.06685840169,48.76776864368,0.29127800000000015,6.089439,1.8559,6.185601,5.894323
25126,82116961496755840,41.07980878095,17.763765731729997,1.2594830000000004,6.09185,10.5388,6.645461,5.385978
490,68601146094037760,55.19300531991,25.32941931445,0.14543099999999942,6.092988,4.4756,6.133032,5.987601000000001
109,58850711337487616,46.85686063012,17.8800274773,-0.16503699999999988,6.096141,4.1883,6.021631,6.186668
29044,385324369647655552,4.675847312169999,43.79112892472,-0.1035680000000001,6.0980300000000005,3.3734,6.047358999999999,6.150926999999999
74913,2297763252315047040,318.33983735336,81.23098557336,0.1469339999999999,6.101141,4.2356,6.140344,5.99341
28113,280298812805235456,79.8661300566,58.11728313498,-0.03434899999999974,6.103758999999999,5.3416,6.076230000000001,6.110579
27491,582957530289386624,131.25535753251,5.68056617511,0.26595299999999966,6.105069,1.7624,6.190682,5.924729
31665,107853161448699008,33.65905890969,28.690733171220003,1.1127890000000003,6.105752,4.9765,6.577611,5.464822
92099,3065006795502406528,125.62541412277,-6.179150785959999,0.30609600000000015,6.108135,2.1702,6.209682,5.903586
25143,95652018353917056,26.2324011374,20.08268276456,0.8690860000000002,6.109562,1.8795,6.457569,5.588483
54145,134174129788770816,39.2778047607,32.891224188390005,0.6661059999999992,6.110109,2.338,6.359589,5.6934830000000005
67687,2176106963635357952,319.25883766125,53.99786766458,0.07601299999999966,6.112029,3.0377,6.126753,6.05074
96819,2002801150593176064,342.19966213921003,54.41488447372,-0.09257600000000021,6.112235,3.6033,6.065836,6.158412
79273,2933249774534880000,103.34096051285,-18.93268173898,0.21035800000000027,6.112476999999999,3.1821,6.178208000000001,5.96785
6417,4067435566661212672,268.72518333559,-24.88710550419,0.10358599999999996,6.115156,10.6411,6.123718,6.020132
19298,1327870404636047872,249.13192832082,36.03980821366,2.3528829999999994,6.116828,71.1827,7.345594999999999,4.992712
21617,489103870580813568,61.66206456696,65.52068527038,0.20334699999999994,6.123819999999999,3.7262,6.185187,5.98184
89924,1909258339125411968,336.86040331588,39.80999982014001,-0.20501799999999992,6.124065,6.9254,6.036973000000001,6.2419910000000005
28967,377540789395063552,12.5765176287,45.00228059313,0.028664000000000023,6.125505,2.2665,6.126393,6.097729
25233,269887983876310656,88.07188533451999,58.96399644741,-0.04643500000000067,6.129881,3.1228,6.102131,6.148566000000001
41838,1907163911212028928,334.73449858365,37.76948230588,0.3653650000000006,6.132438,2.2916,6.256646,5.891280999999999
78078,579147000944785792,138.05344298303,3.8669575634300006,-0.009598999999999691,6.137035,2.4682,6.122334,6.131933
73870,2241296355203588096,299.61969498907,63.53400582782,0.0596110000000003,6.1385510000000005,3.0057,6.147811,6.0882
90050,1928558620781732992,344.41974124199,39.30875055737,-0.2269420000000002,6.139247,5.2708,6.047694,6.274636
82943,3019694959250712320,92.75502797489,-6.75425575028,0.04345399999999966,6.145022,4.2496,6.147486,6.104032
12730,385485619900166400,4.08992111664,43.59494854934,0.05559200000000075,6.145066,2.1302,6.155101,6.099508999999999
34175,1414473674220006272,257.91793955473,49.74644075018,0.20239299999999982,6.149568,2.2438,6.21287,6.010477
91137,1969164341119795200,319.34664872334,42.68357743896,-0.10942400000000063,6.150029,4.9521,6.096737999999999,6.206162
20971,251185497249460224,57.07526386015,50.73675347365,0.12351700000000054,6.154135,5.2259,6.17818,6.054663
74896,2296723045594634368,276.03924893515,83.17528892259,0.08002299999999973,6.154508,3.8876,6.172167,6.092144
5024,18262823713408000,40.06560266213,6.11194464553,0.5490309999999994,6.154814,1.5259,6.353897,5.8048660000000005
34377,1512260909796696832,210.74888496235,50.97178326429,0.016798999999999786,6.155564,2.0347,6.14979,6.1329910000000005
28265,680022210631907456,126.69609166975,26.935493894310003,0.32109399999999955,6.155983,3.1928,6.260757,5.939663
76865,527817331398773248,7.8553325173,66.51959925116999,-0.12402299999999933,6.157578,4.2351,6.101441,6.225464
144,66453490649681280,57.43146835789,23.71164959376,-0.04965600000000059,6.159169,2.5980000000000003,6.129117,6.1787730000000005
69631,2194944690188083328,310.66531950344,60.60123186822,0.04582999999999959,6.160705999999999,4.7832,6.16367,6.11784
40032,431612056844840704,0.85710421978,63.64051465578,0.5147950000000012,6.162851,8.6327,6.317276000000001,5.802480999999999
28828,866364005333870976,110.86710961031,22.94518500262,0.004827999999999832,6.16796,2.0796,6.161911,6.157083
972,171678540131953408,67.66006892603001,32.45768452242,-0.02317999999999998,6.1688220000000005,2.5282,6.147647,6.170827
10427,285645737849125504,78.26161412686999,61.85005012165,0.03259199999999929,6.170216,3.197,6.169382,6.13679
1362,148144799407843200,69.84654335402,25.21822984102,0.2604329999999999,6.171467,2.8912,6.252439,5.992006
75252,2478133530644396800,21.01138163624,-8.00771119366,0.32167499999999993,6.171617,1.984,6.279285,5.95761
64485,2147245058273757312,280.87092743472,53.87170833625999,0.1504449999999995,6.171985,7.4205,6.208945,6.0585
43952,1962872695061191680,331.55125852485,45.24865866705,0.11068300000000075,6.172909,2.1259,6.201067,6.090383999999999
680,101580688130237824,37.30742863399,23.46893092569,0.17566600000000054,6.1748080000000005,2.1588,6.227737,6.052071
26973,558645438416082688,30.79310724808,73.85057696008,0.1726479999999997,6.17622,2.6516,6.226525,6.053877
74966,2301970636636947840,307.26318832507,83.62533735583,0.19731599999999982,6.177054,2.5949,6.238078,6.040762
78796,904852749165352192,127.83310767236,37.26480983825,-0.046619999999999884,6.177157,3.3716,6.148039,6.194659
55188,471047793709782144,65.74176628091,59.61598594536,0.15985600000000044,6.177563,3.2026,6.205291000000001,6.045435
19506,242889338420659968,52.35967815330999,46.93775165472,0.21105399999999985,6.177663,3.4952,6.236502,6.025448
11804,353893970774092800,34.79495458463,46.47221061469,0.24490300000000076,6.180693,4.0519,6.257088,6.012185
81237,1684760402859121792,199.1191600121,68.40806750191999,-0.06351400000000051,6.1875860000000005,2.7645,6.154246,6.21776
33331,1124380523508517632,141.96480390326,75.09841386284,0.15335000000000054,6.187714,3.7134,6.230898000000001,6.077548
34375,1511712287853606272,214.33801162169,51.30733156467,0.08063899999999968,6.193512,2.1046,6.204733999999999,6.124095
36576,1816818655669416320,307.74276614278,20.606410049,0.16695800000000016,6.194557,2.0373,6.243437,6.076479
32032,970003524691958528,92.90256641002,48.71074051965999,0.0649160000000002,6.194697,2.1134,6.206398,6.141482
34307,1450969321300167168,210.29327458048,27.3866787113,0.26655799999999985,6.200817,2.5668,6.284356,6.017798
1101,137948237811161728,49.00797117500999,34.68832380028,0.3431660000000001,6.202344,1.8372,6.3182160000000005,5.97505
78287,669263008318337408,121.18864986167,18.84193276349,-0.05184199999999972,6.202408999999999,2.3193,6.174477,6.226319
18384,229142694294045824,64.53393360401999,42.14099396777,-0.0910069999999994,6.204443,3.3723,6.159804,6.250811
27880,653825899424980608,122.74524575384,14.62939712843,0.033201000000000924,6.208063,3.3636,6.204753,6.171551999999999
34635,1645239110233943680,225.99094885936,65.91967430841,0.07003799999999938,6.208067,3.3488,6.222096,6.152058
18882,5526573774005244800,127.21686976437,-42.58743752831,-0.033972000000000335,6.208296,6.675,6.179298999999999,6.213271
34381,1515555871265897344,193.5540379654,33.53461837265,0.28601100000000024,6.209775,2.0758,6.303631,6.01762
75709,2687063417349148288,324.39058281418,-0.39068732848,0.07849700000000048,6.214671,2.6455,6.23005,6.151553
34539,1618237642980201344,217.92794762564,60.22571946843001,0.3477939999999995,6.215724,3.7601,6.331929,5.984135
86945,1829801654614269440,302.83754536627004,21.87488314103,-0.017705999999999555,6.218011,16.7475,6.190653,6.208359
77520,2921911782424467328,103.48103107877,-24.538746633970003,0.030918000000000667,6.220591000000001,3.0085,6.21881,6.187892
42585,1937050149083210880,350.18368421267,44.11600202814999,0.1976300000000002,6.226166,1.7953,6.285386,6.087756
64329,2140113728936873472,289.90195061894,54.37585004098,0.03804199999999991,6.2282150000000005,3.3366,6.229714,6.1916720000000005
34419,1543256280023747200,192.17374975862,48.46688951301,0.24025800000000075,6.234387,3.9377,6.309739,6.069481
2823,182996225637050112,83.40915284226,34.72551052983,0.2671890000000001,6.235323,3.1455,6.317956,6.050767
92035,1975770825454738944,331.46340033161,48.23147494127,-0.10289400000000004,6.23644,8.2672,6.1832970000000005,6.2861910000000005
69665,3491583497096278144,176.54138002658,-24.873625081550003,2.850384,6.23671,104.658,7.838005,4.987621
35347,1760610212502150400,318.37011151995,15.98228886274,0.31736200000000014,6.240214,4.7955,6.332725,6.015363
73348,3849253461380518016,149.70326554152,4.80838879056,2.3176419999999993,6.240802,100.7309,7.453815,5.136173
80029,215617601758439296,86.75009813353,51.52069981429,1.0533740000000007,6.242821,10.1936,6.683338000000001,5.629964
81889,1780599505693111296,327.36194997242,20.46244526222,-0.11942499999999967,6.245141,6.3708,6.18655,6.305975
63683,2122719386264539136,270.78717533204,48.46431686537,0.06352500000000028,6.24516,3.2987,6.256949,6.193423999999999
29659,101040381244467968,34.29334310554,23.76764891106,1.1984759999999994,6.249009,10.2729,6.770161999999999,5.571686
76193,2819811338822198912,354.41621252245005,16.82548687648,0.03218299999999985,6.249107,2.4788,6.248343,6.21616
9869,274287164261657472,72.02988388029,55.602183772980005,0.4296369999999996,6.250205,1.679,6.398834,5.969197
93561,182892734103451264,81.30384736327,34.85481600172,1.1976899999999997,6.257969999999999,11.2709,6.780436,5.582746
75070,2348816429049395584,12.38924114053,-23.36219841936,0.20134499999999989,6.259553,5.7605,6.31809,6.116745
57,37136834159399808,57.816236850900005,13.04597327094,-0.05120199999999997,6.2624580000000005,2.6025,6.22925,6.280452
65109,2163672964611260032,315.9308588448,46.86287957086,0.3627440000000002,6.263592,2.4365,6.385375,6.022631
43126,448776116237692928,54.58244401012,56.93256467783001,-0.11971599999999949,6.26509,2.5211,6.21189,6.331606
12215,359543502036692864,28.2112643534,51.4748082157,0.08184500000000039,6.266432,3.3353,6.284823,6.202978
20539,249350103106450048,52.87215749642,49.20977005221,0.1270340000000001,6.269004,2.9052,6.298173,6.171139
83112,3022709854493303680,88.89730112576001,-4.78870817823,0.07675999999999927,6.269605,2.1878,6.283185,6.206425
47575,122704230645584768,49.41633246553,31.12678662856,0.7206169999999998,6.270825,1.1736,6.547112,5.826495
41611,1895306228060527360,332.71555327242,30.55292253095,0.2857940000000001,6.2716,3.3744,6.362879,6.077085
33555,1170407282837956096,230.59680405628,12.567507757519998,0.007178999999999824,6.277908,3.1818,6.268319,6.26114
81598,175434162615658496,69.15806666787,36.95254548322,1.3332689999999987,6.278967,11.2077,6.876942999999999,5.543674
58785,2061344097469904384,304.01427681912,38.89789047172,0.0037199999999995015,6.280617,2.6091,6.270886,6.2671660000000005
10973,333755796835840896,39.61653169985,38.0890927353,-0.0159009999999995,6.281505,3.9079,6.265507,6.281408
56877,502542170414672128,76.16537706974,74.06689675196999,0.04041099999999975,6.282616,6.6475,6.090757,6.050346
65983,2166561828320648576,311.6606992677,46.53162031869,0.1044110000000007,6.28451,3.1318,6.308195,6.203784
34702,1658807667835976576,205.08869685392,57.20771861888001,0.08934399999999965,6.284756,1.9721,6.309225,6.219881
80801,1418797130034946048,257.62752988546004,52.40873134208,-0.012147999999999826,6.285096,2.3825,6.269139,6.281287
33334,1124869634384221824,129.20281997288,74.72359723319,0.3804319999999999,6.2874550000000005,2.3169,6.392289,6.011857
73916,2244320802453812992,301.18551509894,63.89036689837,0.05650600000000061,6.288328,1.7319,6.298384,6.241878
26,16835073505156096,51.82786002172,12.73525015512,-0.03624999999999989,6.289848999999999,1.9787,6.265853,6.302103
81031,1523140405554059008,197.42505811299,38.53390799424,-0.1464679999999987,6.29245,4.0565,6.194291000000001,6.340758999999999
405,149308357591150336,65.99903571754001,24.30094189164,0.2890289999999993,6.293403,4.2656,6.378666,6.089637000000001
31296,80369459562947840,32.34694902555,17.22337936979,0.6103670000000001,6.2936510000000006,1.4443,6.518782,5.908415
34441,1560306097596321792,201.99770362302,52.74549013295,0.35517299999999974,6.293868,2.9823,6.412113,6.05694
59928,141513988379856640,42.646991771820005,36.94775289303,0.784796,6.294179,3.0047,6.599994000000001,5.8151980000000005
14776,416803559352939008,13.44888579034,52.68920226223,0.22974200000000078,6.294637000000001,2.3409,6.368269000000001,6.138527
33739,1263421431062292096,228.38303447367,22.98383078295,0.09002300000000041,6.29593,2.4506,6.31569,6.225667
97399,182461725546788480,82.00400757548,33.762772220429994,0.6411339999999992,6.296464,1.3771,6.535296,5.894162000000001
93501,3099066126685446272,102.67621913017,-8.04098493969,0.027960000000000207,6.296662,2.0053,6.298362,6.270402
60883,156411649381930368,77.86473507146,30.805312337920004,1.2933769999999996,6.296787999999999,11.3685,6.871592,5.578215
147,66715105696289024,56.83776002021,24.11606748364,0.009373999999999327,6.298830000000001,2.6407,6.292354,6.28298
93,24955447912616576,40.6204513834,10.74162398338,0.08461499999999944,6.299146,2.8087,6.318123,6.2335080000000005
78175,617917189689396864,143.97015278123,14.379581766279998,0.05677100000000035,6.299932,5.1914,6.306789,6.250018
392,146953066243274240,71.42698955944,23.62791494268,0.15170900000000032,6.299942,5.0144,6.333537000000001,6.181828
41366,440153475475258752,47.01621901499001,52.21340752385,-0.005488999999999855,6.302976999999999,3.0258,6.285806,6.291295
27604,92094166229616896,27.94637113914,18.28946003493,1.2629459999999995,6.303509,7.9216,6.850169999999999,5.587224
88650,1862667259759305216,309.38245096547,31.57253693227,-0.11044199999999904,6.30386,4.1172,6.252589,6.363030999999999
81150,1625998756259467264,238.95647329902,58.91188591234,-0.05431200000000036,6.308894,2.6654,6.276902,6.331214
41035,128953957819400064,44.06670763552,29.1639782455,1.1024360000000009,6.311021,10.1478,6.776382000000001,5.673946
93150,182667196781754624,82.11007243917,34.69744939665,1.1275709999999997,6.31142,10.239,6.792733999999999,5.665163
3877,3132668164099141120,100.49679992552,6.3454379435,-0.05958000000000041,6.312659,10.1256,6.26894,6.32852
34902,1719315407620753280,191.1092563512,80.62083009759,0.2071329999999998,6.314133999999999,3.0599,6.377881,6.170748000000001
28293,681433021489564800,120.43219675375,25.089520859979995,0.030764000000000458,6.314297,2.5544,6.312343,6.281579
94896,1991114613293241472,348.56023986255,50.617868001640005,-0.013911000000001117,6.315123000000001,2.1481,6.299169999999999,6.313081
35148,1749714425931629568,312.45120594718,7.864245530730001,0.0330919999999999,6.315809,3.1265,6.314425,6.281333
75695,2684398063724433024,321.21528585662,-3.3985773222400004,0.43144500000000097,6.315903,2.0522,6.468405000000001,6.03696
468,67299530486953600,58.39376800335,25.68270945074,0.20794600000000063,6.317315,4.0929,6.377598,6.169651999999999
34338,1484832630167333760,214.94906534825,38.79400028756,0.07421000000000078,6.3175300000000005,2.6747,6.325084,6.250874
63592,2113737956814047232,271.25326458969,41.94669427857001,0.3932189999999993,6.318389,2.0632,6.452431,6.0592120000000005
81140,1623022584441365632,242.26184645476,57.93798208135,0.06626200000000093,6.320406,3.3512,6.333562000000001,6.2673
14653,415147351243290112,12.74013506269,51.50803548664,0.38083699999999876,6.324827,2.0139,6.455133999999999,6.0742970000000005
44371,136387309256575104,44.57834043981,32.4611425717,1.1928870000000007,6.325656,10.2464,6.840274000000001,5.647387
77500,534055994734590464,21.44312232885,70.97982930449001,0.011034999999999684,6.331118,3.2971,6.321306,6.310271
81091,1587432458202711424,225.16126562802003,47.27751267009,-0.10885700000000043,6.331152,2.4831,6.283128,6.391985
33990,1353541802121804160,256.94426169321,40.51590209031,0.05259899999999984,6.331968,3.1936,6.339219,6.28662
29060,386569051169184384,0.18192242123,45.25333799304,-0.06424900000000022,6.332676,2.774,6.295674,6.359923
75829,2712155131688789632,344.67746460366,7.339785197749999,0.07513800000000082,6.333204,2.1898,6.3479730000000005,6.272835
6499,24262652508347520,36.84612981442,10.19742152692,0.6170939999999998,6.334228,1.4371,6.562975,5.945881
78528,846011838944319232,175.11421906031998,57.970464925680005,-0.1358000000000006,6.334782,2.382,6.275981,6.411781
78838,922860108223833984,121.79137761061,43.26021139868,-0.03231499999999965,6.342282,3.0295,6.320355,6.35267
73565,2232854854679800704,349.32905169307,75.29901928499001,0.06544099999999986,6.342657,2.7839,6.354127,6.288686
46496,152668843080781184,67.58429603916,28.13208453151,0.8878640000000004,6.344197,2.1071,6.698273,5.810409
33719,1252560901879241344,213.67087736776,21.87336361758,0.2699089999999993,6.345786,1.7431,6.431557,6.1616480000000005
30535,943528693443893888,101.05220030352,36.10925773092,0.13547200000000004,6.346815,5.5495,6.380449,6.244977
64500,2148480290868511360,275.95009125934,53.30078899018,0.2150319999999999,6.347956,2.5305,6.400429,6.185397
59950,141537799678352640,42.3620262777,37.32639750948,0.5786489999999986,6.35038,4.0396,6.560664999999999,5.982016000000001
32928,1054776833264783616,165.27307437826,63.42088240976,0.21019599999999983,6.351763,2.7005,6.418908,6.208712
41921,1910990211674785152,346.86539258019,32.82529453996,0.14640899999999935,6.352766,2.9581,6.391482,6.2450730000000005
88655,180473293125359488,78.66424418295,31.40173767375,1.171733999999999,6.35745,10.5618,6.861300999999999,5.689567
50878,2006596802173068160,338.96674775751,56.07056714503,0.1514009999999999,6.358685,2.3359,6.4009,6.249499
26550,100132734395672832,35.527527788440004,22.87358883205,1.0209489999999999,6.361702999999999,9.6359,6.782729,5.76178
28493,96210707699796224,23.70458065613,20.17255057862,1.2132750000000003,6.361748,11.2401,6.88968,5.676405
12448,372251348191007872,21.86119371653,41.10127565896,0.40084500000000034,6.362264,1.5759999999999998,6.498869,6.098024
28345,317407124081631488,23.03152810214,34.79994136207,-0.12920900000000035,6.364553,4.3093,6.305749,6.434958
99138,3126540413998710912,102.91409156567,3.0418604139700003,0.05752799999999958,6.366722,2.0968,6.379295,6.321767
32121,972092974741801088,91.12134560737,51.573201027340005,0.24322,6.371568,2.5998,6.446766,6.203546
3732,3047763601330845312,110.50860432538,-8.97932104961,-0.27836200000000044,6.374717,6.7483,6.26368,6.542042
676,100949289283470976,34.741411958920004,23.16778823531,0.4788920000000001,6.375805000000001,2.8922,6.544653,6.065761
32956,1061746156437117056,168.04592935979,68.27190147963,0.17802499999999988,6.380236,2.2801,6.434946,6.256921
19436,241678947918118912,53.16241159654,44.85573265545,0.04738900000000079,6.381155000000001,6.5928,6.377448,6.330058999999999
182,42374048560382080,54.44938548104,15.43042829508,0.21668800000000044,6.382733999999999,1.6544,6.453648,6.23696
34358,1495483186989795584,207.43674114271,36.63292532213,0.34922500000000056,6.383901,1.9264,6.4997110000000005,6.150486
19301,237515475339561984,54.50088147856,42.58273454632,-0.0646230000000001,6.385166000000001,3.0504,6.348588,6.413211
25557,66504755379545728,57.23749155579001,23.85687454073,0.5151159999999999,6.385194,2.9011,6.569959,6.054843
27752,92707801092734464,29.72723214873,18.35799146152,1.4278279999999999,6.387580000000001,27.8782,7.0359,5.608072
21733,1561555314603877888,207.50373048338,54.86939044081,2.7451119999999998,6.387782,121.5025,7.906283,5.161171
25905,533481499909580544,15.13022185474,70.98296385805,0.16732600000000009,6.3886400000000005,2.1826,6.437344,6.270018
2559,2034968875123889536,297.21080561388,33.437259526359995,0.2696229999999993,6.389747,16.0327,6.476874,6.207251
18489,63845586506187648,57.90266411649,22.03121669781,1.28829,6.390072,10.597,6.959363000000001,5.671073000000001
9001,260984065698777472,73.29065577585999,52.84109935277,0.09987499999999994,6.390154,3.1879,6.414318,6.314443
89879,1904921422887383168,340.73102225080004,37.8027098448,-0.16007399999999983,6.391983,5.5003,6.317895,6.477969
27540,593409419103394944,139.46391661698,11.50113530071,0.1291310000000001,6.395469,4.6415,6.423547,6.294416
27694,613339647904722432,146.85797497013002,11.56818939608,0.36614200000000086,6.396133,2.1812,6.5168230000000005,6.150681
79584,1058588633919989248,162.2078562693,65.13252135099,-0.03618400000000044,6.398029,2.2455,6.376459,6.412643
33851,1325288029779869696,245.73552913753,32.3329778027,0.11699799999999971,6.400231,3.302,6.430333999999999,6.313336
38032,102082409030066560,39.2528503973,24.64715136282,0.546126000000001,6.400852,1.5374,6.600357000000001,6.054231
76449,2865971035979516928,352.9291365881,28.40342399132,0.03509700000000038,6.402481,2.8376,6.402131,6.367033999999999
8846,39127499961401472,59.83206912739001,13.97477542896,1.374066,6.408987000000001,12.7278,7.026256,5.65219
257,121671720507617664,47.53691908938,27.81954012018,0.03637099999999993,6.409045,2.9116,6.409493,6.373122
34880,1712013379100616192,211.73395720284,74.59384240434,0.200399,6.410584,2.6915,6.473813,6.273414
75910,2729861254625273088,339.15131042571,11.69666375325,0.04658400000000018,6.413168,2.6142,6.418105000000001,6.371521
29126,99048856448891648,28.04305686213,24.11741462575,1.333126,6.414292,12.5454,6.998458,5.665332
56881,503826399995055744,78.6478458958,76.472734154,-0.029759000000000313,6.41571,2.3066,6.380485,6.4102440000000005
28445,712256558664173312,136.22919499274,32.37656006934,0.3159849999999995,6.4223,2.0941,6.52666,6.210675
22166,504712331494109696,28.45252713931,55.59757842415999,0.22037299999999949,6.423762,1.7477,6.492751999999999,6.272379
150,66786505232432512,56.5121803559,24.527697326210003,-0.01687300000000036,6.425264,2.3332,6.409082,6.425955
75149,2410222091875449216,347.45659439671,-14.51058848821,0.017225999999999964,6.425417,1.9135,6.424611,6.407385
69134,2188642598775572096,306.27088229855,59.60005486756,0.1373539999999993,6.429012,4.573,6.459985,6.322631
52683,466707334121461376,47.22574461999,62.38459422868,0.5227960000000005,6.4322550000000005,8.8773,6.591602000000001,6.068806
18569,449935108870554240,53.384320788850005,58.765044834680005,0.16135300000000008,6.432367,2.0489,6.480162,6.318809
93122,3088730511223509376,116.03171957678002,2.40538444895,0.3043970000000007,6.4329,3.9564,6.532576000000001,6.228179
34511,1601127253483302528,232.23669970366,55.19509883024,0.0907,6.433662,1.8984,6.455913,6.365213
34168,1411412397625950848,247.52482166106003,48.96083262587,0.017409999999999037,6.436048,1.8931,6.433523999999999,6.416114
34505,1599496849538585216,231.6342650745,54.020232962600005,0.07778600000000058,6.436634,2.449,6.455195,6.377408999999999
73011,2224308831832908032,326.75340401408,70.15077084678,0.00033400000000050056,6.43924,2.5610000000000004,6.429791000000001,6.429457
3726,3044980222001242112,106.64983803215,-12.39394723614,-0.16475600000000057,6.439915,6.3891,6.364735,6.529491
32854,1031980349448380800,125.12073152927,53.57361199198,0.4010410000000002,6.439978,1.7327,6.578874000000001,6.177833000000001
9507,41201178891455872,54.82110955768,13.891053960129998,1.0599059999999998,6.440253,4.2078,6.884129,5.824223
42504,445838053673051392,57.33256726835,57.11816213752,0.12564900000000012,6.440273,3.8855,6.468031,6.342382
33999,1355430282061470336,256.27061750957995,43.81223617651,0.1377309999999996,6.44056,3.1863,6.477449,6.339718
89911,1908368593700046720,338.96706945517,39.62812784155,-0.23073099999999958,6.440872,5.6903,6.34887,6.579600999999999
19892,461022721567517056,42.94089784919,58.31428552529,0.14786900000000003,6.441061,1.8325,6.483468,6.335599
33033,1083911932896193280,123.96027524474,60.38063128447,0.2836639999999999,6.443403,4.6332,6.534545,6.250881
79742,1121271791819779072,144.02789438253,74.31869987174,-0.12087800000000026,6.443855999999999,2.3238,6.391995,6.512873
46423,458374788336739200,34.76854664649,57.13549375195,0.7134619999999998,6.446982,38.1372,6.704903,5.991441
2722,182009826266321792,79.8491252976,33.98533345129,0.3438680000000005,6.447959,1.9252,6.562997,6.219129
32606,110492470394054912,48.57176861195,22.9537345632,1.257454,6.450614,10.9457,7.001689,5.744235
34180,1415549241405829760,257.07109593196,50.842386133000005,-0.007166000000000672,6.452325,3.6675,6.437125,6.444291000000001
94742,1988991181464558336,343.21781402571,50.412279990200005,-0.055002000000000884,6.452454,3.5677,6.419489,6.474491
78670,884506909265203968,106.85362702333,28.17670490685,-0.08480199999999982,6.452801,3.7956,6.410597,6.495399
23771,1734190008942812928,311.28963894055,3.27544463255,2.8629799999999994,6.454823,113.7444,8.066343,5.203363
13646,404335509808538752,15.576923289320002,51.03488442282001,0.2130679999999998,6.454973000000001,4.7887,6.518153,6.305085
10446,285928759014734592,78.37983319696,62.69113814616,0.27897199999999955,6.456713,2.0836,6.545957,6.266985
81125,1608752435341695872,214.7328309939,54.86375905616,0.23295000000000066,6.457463,2.2981,6.522846,6.289896
28745,357046923445910784,27.31460023433,47.89690393973,0.19127200000000055,6.458228,2.748,6.376686,6.185414
54427,2031595607828115072,295.7049214803,29.33197552649,0.45266800000000007,6.460411,2.5463,6.618887,6.166219
248,1249152584299776,43.40908878943,1.96864733256,1.1524450000000002,6.46286,7.4515,6.954598,5.802153
84862,178174523547631104,66.82621632061999,36.52016499073,1.2462880000000007,6.464136,10.5885,7.007871000000001,5.761583
76842,527729748425840768,8.60408965959,66.75033590303,-0.060253999999999586,6.465945,3.8336,6.4236,6.483854
27600,600004977042474240,128.16614829805,10.06598128173,0.015140000000000597,6.467347,3.1545,6.4593620000000005,6.444222
10739,321873271594305536,19.69582068187,37.38625394609,0.2826330000000006,6.471381,3.5199,6.563078,6.280444999999999
34249,1432860124272113024,260.84447334462004,57.01178795672,0.3939729999999999,6.475906,2.7089,6.611078999999999,6.217105999999999
32813,1021393598661051776,145.77866694717,54.36355410906,0.13952700000000018,6.476019,2.0837,6.516195,6.376668
27763,637163281740363904,138.40519242828998,21.28315958296,0.050977999999999746,6.4762830000000005,2.7072,6.481781,6.430803
31942,968597489838610432,94.39407979985,46.42400207539001,0.36849699999999874,6.477236,2.0991,6.602411999999999,6.2339150000000005
26217,537612876192148096,0.41561939611,73.61179261963001,0.24714100000000006,6.480009,1.6614,6.557766,6.310625
42630,1937911032328142080,349.7604131246799,45.13670950017,0.24540200000000123,6.482074,3.4086,6.558110000000001,6.312708
407,64182346300520320,54.75025916863,20.91560780954,0.20283600000000046,6.483263,3.2542,6.546841000000001,6.344005
3626,16383346024792192,52.15135794493,11.390361111069998,1.1389470000000008,6.4842,8.922,6.970007000000001,5.83106
5274,206651737271040000,76.06757947691999,45.77907314203,0.28237500000000093,6.4845440000000005,1.5948,6.577777,6.295401999999999
64628,2158581607271180160,272.77975108728,60.40955220359999,0.007012999999999714,6.48494,2.8109,6.477124,6.470111
55532,136252859600096768,43.35144860257,31.644596848400003,0.6838380000000006,6.485045,5.8511,6.743955000000001,6.060117
847,119625495008851840,54.16618361509,29.2239977274,0.3636139999999992,6.485092,2.1798,6.606294999999999,6.242681
74976,2302516063123490048,288.78367987804,83.46277996239,0.15912599999999966,6.488391,3.3847,6.534317,6.375191
75271,2489860097032460416,34.92004159184,-4.34555383567,0.10674200000000056,6.489139,2.4434,6.515932,6.40919
24315,522891484951192320,16.596063473479997,62.76124782035,0.2880180000000001,6.489542,1.6578,6.583794,6.295776
29531,890711865697756928,105.32082889131,32.41452021695,0.39524199999999965,6.49405,3.13,6.629386,6.234144000000001
80021,1262279931833705472,224.26485938904,21.55529265686,0.01981799999999989,6.496652,2.1793,6.492525,6.472707
72328,522575547156998528,18.29133184987,61.70615898955,0.0023130000000000095,6.501044,3.0731,6.410049,6.407736
15219,46975436002187136,62.67708099719,18.42311654706,0.559785999999999,6.502435,1.5705,6.706494999999999,6.146709
81569,1748679514910080896,308.87355035873,6.947090934389999,-0.04186199999999918,6.503392,5.6085,6.473347,6.515209
28679,824554285413021440,143.58107904368998,46.90200003078,0.31403300000000023,6.503573,2.3828,6.606016,6.291983
6087,218886037513023104,59.51322756237,34.81382001606,0.29449900000000007,6.504306,1.6069,6.600499,6.306
26838,552383509239431808,82.35726841452,77.97744770383001,0.23640999999999934,6.507428,4.8406,6.580581,6.344171
27879,653729039322935040,123.0923379035,14.00409512668,0.22264700000000026,6.509839,4.8134,6.577605,6.354958
34743,1675593224662533504,197.45878895668,62.22908577003,0.0003389999999994231,6.511996,3.6922,6.502212999999999,6.501874
75048,2332372854697927680,354.04004344856,-26.87631126169,0.3616980000000005,6.513117,1.5962,6.637785000000001,6.276087
63688,2123118268467192960,271.77622500157,49.71052836714001,0.09017900000000001,6.515618,4.2841,6.529505,6.439326
3817,191797850575444736,86.45611927886999,40.5072253601,0.3669500000000001,6.517142,1.6977,6.638942,6.271992
62794,2087880535712289664,301.79783295696,50.2295487196,0.23144900000000046,6.51724,4.1793,6.5713740000000005,6.339925
23369,73900242382799104,34.71832773927,12.99244308513,1.373595,6.517833,16.8655,7.135387,5.761792
34615,1640455616177923200,231.92029439037003,62.275572292830006,0.16946800000000106,6.519512000000001,1.8589,6.569463000000001,6.399995
71103,518118951651059200,31.16684066396,65.10338329339001,-0.018582999999999572,6.5196,1.744,6.503421,6.522004
30312,941259232726139520,98.42774920022,33.02404828313,0.07645400000000002,6.519855000000001,2.4281,6.534591000000001,6.458137000000001
78301,672124762207492352,116.28886085244,20.31604697666,0.008064000000000071,6.521184,2.2905,6.513949,6.505885
78010,564884445348922752,6.781343092819999,80.05213455379001,-0.1221230000000002,6.523393,2.2763,6.470676,6.592799
79972,2938691704252262272,97.87289645162,-21.40544310708,0.3607080000000007,6.530162000000001,2.3399,6.6515580000000005,6.29085
68910,199579506681904128,71.14834095707,38.25499101021,0.9616750000000005,6.531818,2.6752,6.925709,5.964034
78129,598227272898162944,129.52137595684,9.57456468285,-0.021082999999999963,6.532418,2.2049,6.514434,6.535517
419,152189662169148288,67.33267104212,27.404107884570003,-0.004334999999999312,6.533154,2.4555,6.5177510000000005,6.522086
78429,739346497946618624,154.54368642981,27.41552474546,-0.05369199999999985,6.533172,1.9972,6.506088,6.55978
36528,1816028656564573568,307.33801266331,20.0876715321,0.29646099999999986,6.534143,1.7002,6.633433,6.336972
1671,157600152732418048,76.15378244183,32.3199632918,0.3677399999999995,6.543068,1.7842,6.668388,6.300648000000001
84461,170911802573057664,61.40045401101,34.238901409920004,0.5863940000000003,6.545637,3.6271,6.759944,6.17355
28230,677548824866097792,123.42352597859,23.13768635568,0.15923200000000026,6.545879,2.0017,6.592083000000001,6.432851
41510,130001788105171840,40.50365634831,30.93558166626,1.162211,6.546511,8.2492,7.047818,5.885607
88045,1845911110565337472,313.59331436367,28.52197295941,-0.20074799999999993,6.546799,8.9414,6.454547,6.655295
43916,1962542635413447296,331.02799617456003,44.34509956341,0.1281579999999991,6.546871,3.5538,6.580261999999999,6.452104
82040,1799304981621316096,326.48533366468,25.583390617600003,-0.09809099999999926,6.549526999999999,2.9477,6.502729,6.60082
78788,899412541726379520,112.98157798735,38.89596088878,0.06586100000000084,6.553747,1.6513,6.5718570000000005,6.505996
27689,612274079403090816,134.57610674334,18.30817979639,0.017103000000000534,6.554023,2.6265,6.552001000000001,6.534898
23958,76658195502296576,30.60457184726,12.68491360675,1.233604999999999,6.5557360000000005,10.0898,7.094552999999999,5.8609480000000005
70926,156071694130174720,77.43240189748,29.79864233698,0.6758819999999996,6.556808,2.2566,6.806655,6.1307730000000005
41803,1905774300313089920,337.43341040642,35.72545600045999,0.05535799999999913,6.55847,2.0361,6.566775999999999,6.511418
77805,544439645105832576,53.80144196827,73.34681436278001,0.032551999999999914,6.558730000000001,3.1285,6.556771,6.524219
75282,2498086746110685696,44.29323670482,0.4477752834399999,0.4471709999999991,6.559133,2.0387,6.714403999999999,6.267233
66683,2170863976808686976,321.23087703856004,49.32307153509,0.015876000000000445,6.55935,3.1098,6.553376,6.5375
24479,1778989580151963648,329.32779762736,17.762317038710002,3.3149809999999995,6.560089,121.909,8.523648,5.208667
97439,3114646481325763328,106.08403672109002,1.48846551478,0.04886399999999913,6.561408,5.3754,6.560267999999999,6.511404
18185,226648658323602944,59.91651196905,38.82037483693,0.20047000000000015,6.56162,5.1093,6.559887,6.359417
82968,3020016669479810560,91.74394535488,-6.202850579269999,0.2521640000000005,6.561814,1.6122,6.644023,6.391858999999999
287,130503066622145792,42.608639335540005,31.97268505833,0.04717299999999991,6.568374,2.0411,6.573155,6.525982
34189,1417279494751105280,267.25956036779,54.1945328269,0.29038399999999953,6.569837,2.8165,6.664864,6.37448
46927,121499784377250304,53.755293862390005,32.01660251382,0.5906130000000003,6.570455,2.6668,6.7811770000000005,6.190564
32672,1004106183496306560,100.13039440944,61.92260211421,0.17429900000000043,6.570683,1.9893,6.622916,6.448617
29364,401569963186136960,19.10210725448,48.08223531269,-0.010843999999999632,6.575725,5.0965,6.5552220000000005,6.566066
13762,51704435514855936,59.29696904224,21.32351209727,1.176228,6.576299000000001,9.6269,7.082949,5.906721
10130,278297461124627968,68.77291547237,57.41991952463,0.43222199999999944,6.57653,1.6753,6.727463,6.295241000000001
15420,421733941293253632,6.664592778409999,56.64121296305,0.018214000000000397,6.580949,2.7443,6.572033,6.553819
26395,541248793642976000,50.02917278457,69.73128900818001,0.0006929999999991665,6.582936999999999,2.9648,6.572133999999999,6.571441
1577,155390237438844160,76.15831339101999,27.69584519058,0.3125479999999987,6.585316000000001,2.3297,6.688528999999999,6.375981
64353,191509366212532352,87.21591271666,39.53349999891,1.0071880000000002,6.588359,10.688,7.003621000000001,5.996433000000001
6,1195551392247936,43.88154987113,2.01821702383,-0.04139299999999935,6.589071000000001,2.5052,6.56363,6.605022999999999
34023,1361644962300099584,259.96198468817,45.309013163660005,0.43491399999999913,6.589189,1.8574,6.742278999999999,6.307365
52907,2020881416742340736,296.66518031837995,25.13381580061,0.3969750000000012,6.593329,1.6743,6.732238000000001,6.335262999999999
10441,285833926137301632,77.41734211198,62.47948670686,0.3266260000000001,6.593331,2.297,6.702325,6.375699
75850,2718805355970323968,344.21470554347,11.84830581015,0.17145400000000066,6.595013000000001,1.7977,6.6458580000000005,6.474404
1232,142807632529035136,45.47155692467,38.87823332466,0.3337370000000002,6.595145,4.5395,6.704436,6.370699
34067,1367172275972544640,264.9497151923,49.77987860844,0.005203999999999986,6.596391000000001,1.9694,6.589368,6.584164
78397,714594768926891520,139.60772075393,35.36398733391,0.3538920000000001,6.596972999999999,3.5737,6.454667,6.100775
90247,237507744398899200,54.73713542274,42.53770546378,0.7610840000000003,6.597098,1.9888,6.889937,6.128852999999999
93884,183055427465608320,82.43186319688,35.1086703098,1.1883410000000003,6.597385000000001,16.4611,7.11136,5.923019
27971,661322060465742336,130.04755306469,19.97107438932,0.02056400000000025,6.598789,3.2732,6.592861,6.572297
82150,3000868330885553280,93.84855528611,-11.90437479628,0.1537349999999993,6.602479,2.5315,6.635075,6.48134
20528,249278359973070080,52.97493130486,48.73503964361,-0.006495999999999391,6.603464999999999,2.8025,6.584735,6.591231
149,66745617143891968,57.34071662083,24.38075238779,-0.032555999999999585,6.604883,2.2043,6.582264,6.61482
16600,429778586841759104,3.30373336088,62.04079251171,0.2589360000000003,6.6087050000000005,2.8174,6.692563000000001,6.433627
37714,1826794662139228672,299.25174742389,20.99825519637,0.1088079999999998,6.60898,4.1205,6.635721,6.526913
27968,661311443306610688,129.92755273932,19.77839699731,0.3495759999999999,6.609201,4.7867,6.725384,6.375808
38152,1830677656153842816,303.41920449228,24.23918508614,0.37691800000000075,6.610109,2.5905,6.739046000000001,6.362128
815,117916235464382080,52.83666683385,27.571671314940005,0.028093000000001034,6.610607000000001,1.8338,6.611722,6.583628999999999
98058,3117975424576107392,93.18569879949,-2.5048208467,0.06945299999999932,6.614207,2.1822,6.62948,6.560027000000001
71509,2209521156356152064,353.04884660537004,65.73918858681999,0.2893800000000004,6.615508999999999,3.0427,6.710171000000001,6.420791
80357,2946042867198574336,102.56948054104,-17.292082567589997,0.03092899999999954,6.615593,1.9617,6.6155610000000005,6.584632000000001
18769,451993703877877248,35.83439234996,52.08304213818,0.26577299999999937,6.616267999999999,1.5263,6.704014999999999,6.438242
21160,477498113031665408,73.41580962531,61.48152563721,0.24337500000000123,6.616984,3.4095,6.693657000000001,6.450282
35453,1767764356706037888,328.59184459083,12.75100391221,-0.030106999999999218,6.617000999999999,2.158,6.594771000000001,6.624878
28395,332128176029323904,34.90546837796,39.834876775690006,-0.10318500000000075,6.61775,3.2327,6.558876,6.6620610000000005
55317,174156255225869440,72.87279253582,35.81461617237,0.8389800000000003,6.617842,1.3003,6.951116000000001,6.1121360000000005
14998,53944724815852672,62.21589663348001,23.87109137364,1.364439,6.617952000000001,10.1003,7.228847999999999,5.864408999999999
25899,533444528831485696,16.73073878694,70.93134735156,0.1912560000000001,6.618257000000001,2.3984,6.676048,6.484792
33008,1076749782872011776,154.46013654023997,71.06049458045,0.39785499999999985,6.618425,3.184,6.75662,6.358765
36434,1812913018564688256,312.65479381672003,18.05136033633,0.042588999999999544,6.620463000000001,2.389,6.623527,6.580938000000001
75619,2656701228381726336,343.1370281174,3.5522211492,0.20920200000000033,6.622158,3.7567,6.687512,6.47831
76217,2824732821587566976,352.09799706123,19.88553560137,0.34699599999999986,6.62395,2.6699,6.739625,6.392629
34222,1424733255874112896,245.10251339579,52.03901113494,0.10104499999999916,6.624115,2.3144,6.649725999999999,6.548681
18068,216660488536984448,56.67032923863001,32.290141237,0.11538500000000074,6.628556,3.6024,6.6502300000000005,6.534845
42004,1917887963512760192,347.46849329912004,39.4691794069,0.29065299999999983,6.631423,2.545,6.726439,6.435786
9456,41034499799802880,53.33825126284,13.78232605549,1.1850230000000002,6.632988,7.1996,7.146556,5.961533
29292,396783136235463424,22.05157722623,44.049210523380005,-0.058709999999999596,6.633176,6.4397,6.598226,6.656936
34497,1595319083310383488,234.01728089456,52.07017185689,0.4309579999999995,6.63409,1.6146,6.785653999999999,6.354696
75724,2689931630869716096,317.31698882332,-0.23494053553,0.2177340000000001,6.634125,1.9544,6.702402,6.484668
89227,1870251450455707776,310.59300679467003,35.45615657705,-0.19170899999999946,6.634774,5.8709,6.545256,6.736965
1740,7012208421296512,45.86731992861,6.226440123330001,0.4868119999999996,6.637057,2.0794,6.807562,6.32075
68291,2180033903772460160,307.71967904383,49.21314654235,0.05864199999999986,6.639079,2.9811,6.648851,6.590209
73543,2232458377658863744,352.23980639623,75.22541402769001,0.030255999999999617,6.639856,3.7067,6.637378,6.607122
34,24328996867188480,36.69036550608,10.5652382941,0.4303599999999994,6.640156,2.67,6.787186999999999,6.356827
28470,716839151329745280,134.61409233355,35.802613569740004,0.03480099999999897,6.640654,3.8297,6.639422,6.604621000000001
25850,66892264508548864,58.04688243209001,25.16234713882,0.7256719999999994,6.641128999999999,1.4873,6.919439,6.193767
68935,2185241740593613952,305.75593266866,54.67284194132,0.27229999999999954,6.642288000000001,1.6518,6.732233,6.459933
79530,1010576156591116672,134.8511594525,45.73828287137,-0.0060589999999995925,6.643314999999999,2.5669,6.629958,6.636017
31776,423079709165440000,1.22913348567,58.53215759987,0.05991900000000072,6.643769,5.6671,6.645549000000001,6.58563
35450,1767561153213357184,326.69281955338,13.71963988493,0.25107700000000044,6.64438,2.2959,6.725049,6.473972
46432,139396191545402112,47.36721742553,37.30128833574,1.249642999999999,6.646826,10.1876,7.196617999999999,5.946975
80749,1399214518706752256,241.74813937034,47.5050769295,-0.034233999999998765,6.6487110000000005,3.1374,6.62527,6.659503999999999
64916,192668251467016832,85.80788984623,41.69584795738,0.851484000000001,6.648771000000001,3.1577,6.987968,6.136483999999999
28837,359779381641254912,31.05504386364,51.96771268839001,-0.05030800000000024,6.649088000000001,2.6879,6.619117999999999,6.669426
89932,1912398926588785280,353.10334980662003,34.95229397492,-0.05508300000000066,6.6502360000000005,3.1828,6.617947,6.673030000000001
63564,2111573052778749952,276.04564658029,42.46680817491,0.11432999999999982,6.650276,2.1864,6.679656,6.565326
75652,2672352226647436800,323.53204923461004,-4.36815001562,0.3297660000000002,6.651478999999999,2.2211,6.759825,6.430059
71888,2212309552204522880,347.48279637356,67.24212562016999,0.022673000000001053,6.65262,2.9802,6.649282,6.626608999999999
31214,957303924872527104,97.76292198728,39.75449127808,0.006842000000001569,6.652799000000001,2.6531,6.6406600000000005,6.633817999999999
9374,43499295632961152,58.61779865777,16.6153089733,0.8854919999999993,6.654032000000001,0.9393,7.010673,6.125181
51834,130081988031051776,42.50162318507,30.52598661737,0.5035550000000004,6.655875,1.8786,6.835255,6.3317
28874,71576115320945664,56.15469103474,27.89711386066,0.5323649999999995,6.657615,1.8291,6.849873,6.317508
34882,1713291733167493120,205.16927593632,76.84378892779,0.2850449999999993,6.659783999999999,2.5092,6.753295,6.46825
35335,429058853399113344,2.64448841516,59.67339513529,0.028719999999999857,6.6605490000000005,5.2927,6.648667,6.619947
81697,2980122951654071808,74.54354544338,-16.78014777025,0.1247309999999997,6.662457000000001,2.7425,6.696536999999999,6.571806
43532,134737492059770240,40.57702944026,34.29483508352,1.1978329999999993,6.663633,10.5109,7.182925999999999,5.985093
28613,800000782016660096,148.08981182621,37.91438059433,0.3493580000000005,6.665949,5.1872,6.781617,6.432258999999999
33551,1167422108768000128,229.14929071848,9.71297184333,0.45065199999999983,6.666221000000001,3.1843,6.826239999999999,6.375588
29291,396700054387826304,20.5524645943,43.58407244285,-0.1950699999999994,6.666244,4.3180000000000005,6.583989,6.779058999999999
80724,2949091366264777472,101.63745599875,-14.52361381059,0.12582999999999966,6.667131,2.5275,6.700069,6.574239
34352,1493758156324750976,221.11793370681,45.18591471188,0.40902499999999975,6.668228,1.6786,6.8079410000000005,6.398916000000001
76388,2857556301692335360,8.14400460834,27.58072092568,0.1224539999999994,6.66832,4.2719,6.698242,6.575788
78346,683827272481778304,121.40442777821998,27.52968636192,-0.03977000000000075,6.668396,3.8143,6.639351,6.679121
91460,178112641659509760,68.07205051999,37.04321227407,0.664327000000001,6.668482000000001,1.6232,6.915936,6.251608999999999
89732,1886748385463852800,345.17680394874003,31.08295934874,-0.1228290000000003,6.668603,2.4059,6.61355,6.736379
26932,556424150049056512,71.31038284029,79.65697625774,0.015725999999999907,6.6691210000000005,3.1418,6.662942,6.647216
25734,531740354527861888,19.57764579487,67.81639103153,0.041855000000000864,6.669731,3.0885,6.671945,6.630089999999999
82021,1797280127879739520,323.11269329442,23.39460040838,-0.07300699999999871,6.670926,2.7030000000000003,6.631083,6.704089999999999
29886,918624823793093248,128.62410092928002,47.13964144652,-0.010882000000000502,6.674422,2.6341,6.660256,6.671138000000001
82554,3006006692319106176,92.19035591379,-7.936442098960001,0.10329499999999925,6.675328,2.3475,6.700216999999999,6.596922
86075,3037414929164528128,117.27515541625,-11.18101647205,0.38715100000000113,6.676562,1.8806,6.808896000000001,6.421745
90877,1965559008129381120,319.7502425422,39.74937648773,-0.050680999999999976,6.679183999999999,2.1825,6.650639,6.70132
27523,589595213266676352,144.69004278332,10.77743691547,0.18981400000000015,6.68469,2.0034,6.742578,6.552764
28330,314124051080462464,18.31749026163,34.09837931462,-0.14296300000000084,6.684864,3.3577,6.622358,6.765321000000001
32789,1013248004206039040,137.98432231416,50.439893785200006,0.013364999999999405,6.684944000000001,2.1692,6.679931,6.666566
21204,478368788803049600,77.67822770114999,63.59685321767,0.38778500000000005,6.686057000000001,2.3864,6.818509,6.430724
79132,958302556308456704,97.6051493854,41.40162688977,-0.007568999999998383,6.686592,3.0210000000000004,6.670024000000001,6.677592999999999
90759,1963421523166286592,333.00759829057006,47.09564707460999,-0.019143999999999828,6.687003999999999,2.8806,6.667838000000001,6.686982
16569,49231668222673920,65.38237014651,21.03971713387,0.5732959999999991,6.688817,1.5132,6.897653999999999,6.324358
98381,3120418676851974912,96.74507874022,0.8410495381199999,0.05016900000000035,6.68929,2.8347,6.695158999999999,6.644989999999999
32223,977912105670843392,108.30370523848,47.606471946240006,0.4013409999999995,6.689353,1.6342,6.827282,6.425941000000001
21761,492193566974934144,49.104310990390005,66.38013745302,0.046395000000001296,6.6910300000000005,2.5548,6.697582000000001,6.651186999999999
41840,442831198606351104,48.95303521004001,50.95574098578,0.14186600000000027,6.691147999999999,1.775,6.648371000000001,6.506505000000001
78021,566072742540119168,19.87134947494,80.89424777161,0.03244199999999964,6.691585000000001,2.8018,6.691391,6.658949000000001
12376,367826775961688704,13.22255382914,38.54878969418,0.06109600000000004,6.691999000000001,3.7148,6.698986,6.63789
56485,2046366859306201856,292.81737095996004,33.4706985579,0.13392400000000038,6.692303999999999,3.9482,6.727527,6.593603
80661,1363284299777747584,267.51390182192995,48.39421105446,-0.15290800000000004,6.692702000000001,3.9746,6.625659,6.778567
75498,2600078097538338432,331.89733850216,-14.490870444320002,0.18147799999999936,6.693155,2.8271,6.747433999999999,6.565956
81864,1775554808905683712,330.66048066849,15.98639177385,-0.0455899999999998,6.693371000000001,3.0842,6.666644,6.712234
87895,1839746393680654592,317.63376854469,22.45457658072,0.029176999999998898,6.693467,2.1973,6.694114999999999,6.664938
33454,87044422856456192,34.78624142626,19.68715053402,0.716031000000001,6.694116,1.2034,6.968082000000001,6.252051
53388,2025258228948376576,293.74600475267005,27.22550273585,0.3568410000000002,6.694336,1.5764,6.815308,6.458467
27384,573346011958154880,15.91886568012,84.60681028679,0.33261300000000027,6.695115,3.3525,6.805097,6.472484
37658,1826310911394676864,297.68775877863,20.21148076785,0.20522200000000002,6.695453,4.4171,6.757348,6.552126
65975,2166530389159361536,311.33745755519,46.35469526724,0.02041199999999943,6.695869999999999,3.1857,6.692933,6.672521000000001
39301,1853390748867885952,321.09468340674,30.93666493773,0.2660620000000016,6.6977020000000005,3.7272,6.779821000000001,6.513758999999999
16967,1112652170415227648,101.62965498268,71.35728125838,3.1619459999999995,6.698955000000001,110.0681,8.551672,5.3897260000000005
44917,457236072244281088,37.35425251546,55.53614798379001,0.09440500000000007,6.699255,3.4527,6.712699000000001,6.618294000000001
75355,2535266594365007488,18.89872723637,0.91246802271,0.14681300000000075,6.699917999999999,2.2789,6.740717,6.593903999999999
15543,47541100375011968,65.38496942726,18.41744025238,0.5823449999999992,6.701386,1.5031,6.913958999999999,6.331614
30291,413455718252376448,19.359576400810003,57.63207684365,0.2719700000000005,6.701826,9.1655,6.770391,6.498421
134,64679840952155264,54.66976712541,22.6594096224,7.700000000010476e-05,6.701936,2.18,6.6888570000000005,6.68878
479,67725419441688704,54.24170598677,23.21098532289,0.16034399999999938,6.702032000000001,2.7324,6.750143,6.589799
64733,2162198893161238784,315.4479151318,44.18652741335,0.40445499999999956,6.702435,1.8252,6.840321,6.435866000000001
29019,382443958419926656,8.11182506472,43.49475285367001,0.004083000000000503,6.7027,10.2783,6.66822,6.664136999999999
32522,425557046304771712,9.70546547814,59.82613602861,-0.015174000000000909,6.703301,4.1935,6.682986,6.698160000000001
33353,1127118822857653504,146.10950360389998,74.58762870051999,0.43116100000000124,6.7068520000000005,1.9002,6.856135000000001,6.424974
21040,474975317964631296,58.08593415635,62.34480421087,0.2212550000000002,6.708084,4.4778,6.7770410000000005,6.555786
27171,563493460060626816,12.73599590326,77.9534657182,0.35780600000000007,6.708757,2.7517,6.830209,6.472403
33721,1254138357467591552,213.75640046071,23.68597739664,0.44591400000000014,6.708952,3.4381,6.864166,6.418252
81271,1705883498698235904,254.04211265781,77.65280599451,-0.006209000000000131,6.710389999999999,3.3658,6.698805,6.705014
81706,2981660412503887616,79.3429778336,-17.774800576020002,0.38147600000000015,6.712605,7.0477,6.840402,6.458926
74124,158941556916985344,70.09479973757,29.972053707870003,0.503406,6.713116,2.1508,6.894013,6.390607
79012,2932046702657340544,105.14622330444,-20.64034391823,0.32607100000000067,6.713544000000001,5.1389,6.822177000000001,6.496106
22711,5969673420936964864,254.06262608257003,-40.65994961883,0.197368,6.7136130000000005,5.3382,6.683541,6.486173
3868,3131335693444047232,97.9813260965,4.94285927264,0.20025900000000174,6.713831,12.8119,6.761799000000001,6.561539999999999
29367,401993236511331456,15.7570204444,47.376093659350005,0.379061000000001,6.714169,2.1316,6.646963,6.267901999999999
19284,236939434326885632,53.0734802426,40.92066545805,0.01654799999999934,6.715881,3.8607,6.693242,6.676694
33215,1106961751066620160,94.89870214062,69.56889888942,0.35259399999999985,6.71859,2.8459,6.836689,6.484095
31598,422335305435272704,2.62378853783,57.16550690462,-0.11363000000000056,6.719064,2.6210000000000004,6.666625,6.780255
75082,2360179606844142720,5.20243401123,-23.63021335864,0.4050709999999995,6.720295,3.5371,6.860726,6.455655
829,969823376583544576,91.46855101775,48.24927701707,-0.1214100000000009,6.720635000000001,9.2855,6.656847,6.778257000000001
73272,2227895610562976512,353.1217321664,72.00086212564,0.14939099999999872,6.721445,3.4978,6.761353999999999,6.611963
38458,1834163211096038528,299.20761239652,23.776956632720005,0.4169469999999995,6.727175,2.495,6.870939999999999,6.453993
10553,300145032043421056,31.70474608834,29.26937643963,0.22863899999999937,6.728689,1.6551,6.798214999999999,6.569576
34350,1493317595760200960,217.83505542537,43.38234963898,0.10182900000000039,6.728941000000001,1.8969,6.755143,6.653314
76001,2765664136365951360,359.94927027073,11.273442137480002,0.18404899999999902,6.729612,3.2966,6.783245,6.599196000000001
63892,2128851225177806080,293.66597133109,48.16419541215,0.3552590000000002,6.730444,2.0279,6.849566,6.494307
89938,1913249536271661056,349.85217326315,35.82507868767,-0.0399850000000006,6.731177000000001,2.4225,6.705750999999999,6.745736
3212,2178486238079541760,325.60075843916,57.73603546657,0.4189740000000004,6.732699,8.8229,6.864505,6.445531
78691,887091483144696448,109.3772281559,31.697957601559995,-0.070017,6.733499,3.7853,6.700342,6.770359
32833,1026833157561784832,128.72257888889,48.53359109937,0.22522100000000034,6.734936,2.9726,6.807933,6.582712
28028,104453918172129792,31.62604445873,24.3333354586,0.8234890000000004,6.736007000000001,0.9604,7.060049,6.23656
14716,416165533373060480,10.30268948035,52.19753757913,0.07852899999999963,6.7368630000000005,2.1108,6.756661,6.678132000000001
22659,507940635072273024,30.20229913476,59.95920426141999,0.1746920000000003,6.737516,2.0822,6.787451,6.612759
41630,1896311937602804992,328.47703323925,28.34142197095,0.33151699999999984,6.738314,3.1989,6.849206,6.517689
79044,951315950188279424,104.83386013414,42.31472389462,0.12229400000000012,6.738636,3.0027,6.737234,6.61494
80489,1350180148397982336,266.01796901573,45.03477110224,-0.0399769999999986,6.738957000000001,2.76,6.713571000000001,6.753547999999999
3896,3217181124645104384,83.2806053554,-1.71735869443,-0.16162900000000047,6.739796000000001,4.1118,6.51751,6.679139
4456,187469760492408960,80.17951061403001,37.43865057942,0.07408699999999957,6.740923,11.2312,6.731872999999999,6.657786
90473,1953936620465192064,324.45288624975,39.31718156314,-0.034234999999998905,6.741230000000001,2.394,6.715657000000001,6.749892
88487,1861243529647755520,304.95758677627003,29.72683964493,-0.20030599999999943,6.7418830000000005,3.8259,6.657278,6.857583999999999
5236,24302303646021632,36.04338567594,10.27238653027,1.3325780000000007,6.7424550000000005,8.0223,7.339702000000001,6.007124
96647,2001849282765692928,337.34309870494,54.24591807224,-0.021622000000000696,6.747143,6.2458,6.723064999999999,6.744687
75328,2518079166038469504,32.46409033146,3.76932054607,0.2882619999999996,6.752595,1.7165,6.847162,6.5589
79382,976427971132363264,111.46650135056002,48.54763631388,-0.05956699999999948,6.753415,3.0289,6.719537,6.779103999999999
84729,3031600299366463360,111.2782139731,-14.88320868633,0.061000999999999195,6.753456,2.2706,6.763317999999999,6.702317
34349,1493245440309717760,218.43564150718004,43.007996884140006,0.36970299999999945,6.756395,1.8381,6.87172,6.502017
19842,5854501021078538496,213.75665384049,-61.70679179187,0.33945500000000006,6.7565550000000005,34.5467,6.85371,6.514255
82845,3016180335972618112,86.13841349038,-6.86423778424,0.2047529999999993,6.757308999999999,2.6971,6.820689,6.6159360000000005
20496,248960223149560960,52.88821670427,47.862298554,-0.010792999999999608,6.757467999999999,2.6662,6.737034,6.747827
34549,1623518189307703552,242.48493032916,59.87172114155,0.07812200000000047,6.757541000000001,3.1282,6.7739020000000005,6.69578
32298,983378877485018880,112.73659658398998,51.99863138629001,0.2752240000000006,6.757608,2.1969,6.847414,6.572189999999999
82331,169149766470219520,62.41223594302,31.65244431484,0.6998850000000001,6.7598080000000005,1.43,7.024984,6.325099
33038,1084601464125909120,117.53248813978,60.34219530235,0.16464800000000057,6.761396,2.4248,6.805068,6.64042
77002,2902876109406840704,86.30444094026,-31.66930761424,0.45673799999999876,6.762558,2.0539,6.925967999999999,6.4692300000000005
80189,1323858527224296448,241.05603088496,34.17886313024,0.10203899999999955,6.763857000000001,2.3954,6.781389999999999,6.679351
79553,1029066398820729600,127.64223045408998,54.11908828577,-0.04334499999999952,6.765388000000001,2.2495,6.739438000000001,6.782783
579,79597052644565504,35.63851193695,16.87024143483,0.20922699999999939,6.765986,2.1595,6.831859,6.622632
43097,448305357760497792,54.09138438601,55.88678474614,0.20868700000000118,6.766736,4.0762,6.824032000000001,6.615345
68675,2183013923876494336,313.08768671189,55.05129505194,0.09844599999999915,6.767296000000001,3.1847,6.791695,6.693249000000001
28630,804819941486568576,155.26528455793002,41.84940752808,0.027932999999999986,6.767784,2.9444,6.765272,6.737339
74250,2268560738875917440,283.38866639309,75.7874553936,0.0014009999999995415,6.768437,3.5837,6.758025999999999,6.756625
608,86181684186025856,38.402595823240006,18.88007457973,0.36047100000000043,6.768891,1.8763,6.891821,6.53135
78133,599971407578142720,127.97701810506,9.81403584412,-0.03558800000000062,6.770967999999999,3.3643,6.744242999999999,6.779831
75398,2560475337973219840,26.47909198236,3.41750853135,0.41929700000000025,6.771969,4.2352,6.919747,6.50045
90696,1962614893942891776,332.27194260269,44.85474706669001,-0.028325999999998963,6.77384,7.1596,6.741607000000001,6.769933
8252,252319815291346304,68.34018188035,43.03165491137,0.2562920000000002,6.77398,1.5283,6.856175,6.599883
1351,179794310335362304,67.85037891263,40.01011762711,0.07414399999999866,6.774446000000001,4.391,6.781725999999999,6.707582
10866,328448213690447232,37.28135059375,37.32965275838,0.21319000000000088,6.776688,3.682,6.837974000000001,6.624784
33575,1181530835817013376,223.86896413633,12.430568876630002,0.03943199999999969,6.777466,1.8358,6.783717,6.7442850000000005
9400,268631929280947328,86.72760110741999,56.92381509514,0.1931440000000002,6.777531,3.4203,6.832866,6.639722
24,13471804874760192,53.04988045561,11.5422212807,0.05032700000000023,6.7806690000000005,1.9059,6.78798,6.737653
28493,340053936879395712,39.15086086977,42.40042217434,-0.09241100000000024,6.782298,2.9078,6.73843,6.830841
75161,2417142143182419328,3.70054371773,-14.17791253995,0.3135760000000003,6.783392999999999,2.7975,6.8875470000000005,6.573971
18576,449986167444949248,55.30006718673,58.844638026130006,0.4113489999999995,6.783549000000001,2.2115,6.925,6.513651
75797,2705693508010268032,339.7086908187,4.53017042612,0.26270900000000186,6.784072,1.775,6.868588000000001,6.605878999999999
28520,744772141153246720,147.44476078129,31.076824502759997,0.29013499999999937,6.784942,1.8057,6.878881,6.588746
1872,9192093302608000,51.88317890552,5.87025118773,1.4506319999999997,6.785862,14.128,7.449947,5.999315
28539,754405993316189440,157.65003578898998,36.27319736606,0.42710000000000026,6.786473,2.0129,6.934775,6.507675
13042,393289609837293312,0.92418625525,48.436866553920005,0.07444700000000015,6.791181,2.1826,6.807115,6.732667999999999
1724,6963761190199424,45.962766646400006,6.13352285232,0.7092409999999996,6.792566000000001,1.0994,7.062214,6.352973
78323,675235452401082880,119.02677946323,23.62373544527,-0.11198299999999861,6.793880000000001,4.0912,6.742285000000001,6.854267999999999
18176,445328361309169920,56.46076001327,55.06368575771,0.29419400000000095,6.795147999999999,1.8603,6.890924000000001,6.59673
74971,2302398312300438656,299.83347136891,84.66845495468999,0.18745699999999932,6.795253999999999,1.787,6.851499,6.664042
30595,1860679961214002944,307.82331859019,29.72787250999,2.6753240000000016,6.7960080000000005,112.8794,8.279791000000001,5.604467
41217,437441976720049152,43.50413820132,47.16084361115,0.0630449999999998,6.796662,4.4691,6.794417,6.731372
79890,1190036623413659520,237.21027620896,12.72358787733,0.04386499999999938,6.797235000000001,3.5688,6.784822,6.740957000000001
82464,1811525263092268288,310.22520142088,17.571096746020004,-0.0788530000000005,6.798617999999999,3.2742,6.758274,6.837127000000001
19371,239257995109311360,49.29783206916,40.48282265805,-0.06045500000000015,6.799013,2.8056,6.763849,6.824304
52371,2016418464660473088,357.74663221246004,63.98484761256,0.09315399999999929,6.799600999999999,3.0995,6.819242999999999,6.726089
87872,1838035759745940864,316.48141576407,20.94664836472,0.10618699999999937,6.800456,3.6902,6.825317999999999,6.719131
8782,38928728875067392,60.15441847535,13.89215162827,1.6207529999999997,6.800808,19.6651,7.567428,5.946675
28354,320838218835424768,20.82555802503,36.51455620228,0.012205999999999939,6.801169,2.5896,6.793989,6.781783
73437,158231616003512576,72.07967592845999,29.23546848891,0.5633300000000006,6.802266,2.325,7.007657000000001,6.444327
151,66789872486779520,56.74758526953,24.51991333979,0.03464899999999904,6.802811,2.1925,6.802067999999999,6.767419
28262,679736578128005888,127.4562851076,26.19279304217,-0.02618300000000051,6.803641000000001,3.0543,6.782876,6.809059
28398,332409925884476928,32.72351777035,39.04323363621,0.1250239999999998,6.803686,2.2535,6.835586,6.710562
27967,661300551269631360,130.17985310897,19.71926181961,0.27323200000000014,6.804346000000001,4.1512,6.894305,6.621073
29145,880803754102237440,117.7507602791,31.61335590759,0.2574739999999984,6.804778,2.7747,6.886189999999999,6.628716000000001
35363,1762112248463881728,310.40700162514,13.80880180779,0.19545599999999919,6.805169,3.7964,6.863136,6.667680000000001
36180,1808310428537874048,303.94077109788,15.31712322518,0.355664,6.805288000000001,1.7013,6.923806,6.568142
146,66507469798631808,57.4919880124,23.84848726391,0.05533699999999975,6.806421,2.0672,6.811625,6.7562880000000005
86343,1827754741937222528,295.85434674475,22.4949598867,-0.10569200000000123,6.807165,3.9289,6.757128999999999,6.862821
34365,1501901345598817792,203.80864393892,44.19710224651,0.2661720000000001,6.807599000000001,2.5107,6.8931130000000005,6.626941
41928,1911758976461809664,349.00280307317,35.39943493154,0.39921700000000016,6.809892,1.779,6.946116,6.546899
11438,345394952050117376,31.50722907379,41.53280139958,0.39770799999999973,6.812147,3.841,6.948438,6.550730000000001
28365,691753312505451648,134.99123319932,26.43459880797,0.36952100000000065,6.81301,2.3221,6.936969,6.567448
89904,1907891856628947712,339.0930120591,37.842197378920005,-0.20423400000000136,6.814448,5.1987,6.729153999999999,6.933388000000001
76719,2890545670616649728,87.53889568544001,-32.809336499859995,0.09124300000000041,6.814653999999999,3.2124,6.833271000000001,6.742028
48587,1995822481564214784,350.91019059292,54.03097412959001,0.16068499999999997,6.815041000000001,5.3479,6.857038,6.696353
148,66729880383767168,56.87281395749,24.28813024633,0.10141699999999876,6.815936,2.1382,6.841811999999999,6.740395
77964,559355001370791040,30.53913264207,75.50212396753,-0.06391900000000028,6.820747,2.699,6.659631,6.72355
88125,1851523709407187328,317.95221298348,29.71163947148,-0.21355699999999977,6.822036,4.268,6.734074000000001,6.947631
32379,109883684547161216,45.15160567933,22.829043295020004,1.2689649999999988,6.822126,9.2304,7.380572999999999,6.111608
78841,923759298281485568,115.0565857541,41.16352529163,-0.0597430000000001,6.82218,2.0722,6.791133,6.850876
75123,2391000395239148672,358.1662926105,-18.56188919035,0.11515900000000112,6.822897,1.8075,6.853282000000001,6.738123
76044,2780817605618658944,7.696322795369999,16.0376036636,0.1496170000000001,6.824403,1.861,6.866831,6.717214
944,170179867127141760,61.17948655877,32.57115849191,0.059573999999998684,6.825228999999999,3.3602,6.826389999999999,6.766816
241,116429558304047104,43.84174677969,27.72230085565,-0.028702000000000005,6.8267880000000005,2.4923,6.803737,6.832439
39727,1859489361923234944,312.65049945934,30.91284724578,0.379967999999999,6.827281,2.7607,6.931328999999999,6.551361
75275,2492584583766254080,30.0615308409,-3.36837296994,0.4273889999999998,6.82773,2.3201,6.9750190000000005,6.547630000000001
80474,1346210533465986688,269.48559572011004,43.41712823939,-0.03432799999999947,6.828376,2.7854,6.803155,6.837483
54254,2030696413444813696,301.05430232351,31.243313142590004,0.34999100000000105,6.828844999999999,2.0678,6.947096000000001,6.597105
76311,2842114519875003264,345.58780170916,23.34053538059,0.05458199999999902,6.829378,2.3538,6.842067999999999,6.787486
78862,931463340034912640,123.36550208936,48.28076258338,-0.04567099999999957,6.830334,2.1718,6.803035,6.848706
28583,784314496298465024,171.98254343082002,44.56580036916,0.4292500000000006,6.8306070000000005,2.0580000000000003,6.977907000000001,6.548657
92722,1978652748518359808,322.92654911389,48.58452995533,-0.03586399999999923,6.830835,4.205,6.807335000000001,6.843199
20523,249197408428902144,51.77169039341,48.20539600435001,0.011749000000000898,6.831639999999999,2.5491,6.819602000000001,6.807853
10454,286167146880442880,85.12075549293,61.9489248907,0.26940400000000064,6.8329960000000005,4.6531,6.9191460000000005,6.649742
80817,1424949928384542848,246.10998493554,52.28947935311,0.011015999999999693,6.833987,2.3448,6.82543,6.814414
27724,623856648423528320,154.73925214476003,17.705805907920002,0.03902099999999997,6.838478,2.068,6.840972,6.801951
33371,1131443683125648896,154.07218407053003,78.94702282872,0.1240230000000011,6.839478,2.1777,6.873713,6.749689999999999
28570,773799694803669248,174.40301626395,44.71630702979,0.022199999999999775,6.839647,2.6551,6.836336999999999,6.814137
21193,478101057721500288,78.66071003633999,63.12690932765,0.399087999999999,6.840259,4.5671,6.976464999999999,6.577377
46145,1978443325910675712,323.2920738687,48.30331985601,0.011519000000000723,6.84036,4.6134,6.808096000000001,6.796577
12623,380755245998283008,9.3599117027,40.33236501636,0.03498400000000146,6.84064,3.0185,6.840635000000001,6.805650999999999
53262,148864807727453184,65.01755147003,23.59862919546,1.3314589999999997,6.841123,12.1901,7.431411,6.099952
348,142525126759642368,46.03920492028,38.07946177482,0.02492800000000006,6.841239,7.9868,6.83212,6.807192
20574,249511387716934912,54.61232057432,49.205605246560005,0.10632800000000042,6.842632000000001,5.5038,6.8627080000000005,6.75638
27509,585508362906352128,140.91782222665,5.219509174840001,0.25558499999999906,6.843119000000001,2.5889,6.925000999999999,6.669416
12321,362049873149543936,10.96777369679,33.31076598664,0.42749600000000054,6.843253999999999,1.8381,6.990735000000001,6.563239
21050,251618704831632256,57.60445460582,52.48189301047,0.5066379999999988,6.843549,11.9117,7.012486999999999,6.505849
32284,981452464393171840,106.41560131119,52.75829469731,0.0764850000000008,6.846222999999999,1.7084,6.861155,6.784669999999999
34139,1402037686609868800,232.34715072536,47.71342735861,0.06383199999999967,6.848928,2.2343,6.860716,6.796884
74979,2302598870092999808,282.28460126330003,83.90494422465,0.13274100000000022,6.849528,2.302,6.887178,6.754436999999999
75222,2458019820840919168,22.06719326686,-12.24612622435,0.4228760000000005,6.84973,2.3231,6.997407000000001,6.574531
32188,975401267790305664,112.03593239996,46.5214759999,0.11874299999999938,6.851164,2.4767,6.882772999999999,6.76403
50946,2006945038121202944,340.81532577068,56.4085089399,0.40195199999999875,6.851497,1.9971,6.989839999999999,6.587888
79419,987326227307654016,110.71185323876,55.28418236253,-0.05302399999999885,6.852714,3.1056,6.8268960000000005,6.879919999999999
78165,613187739206026752,147.70522585396003,11.84243802627,-0.05517199999999978,6.8550130000000005,2.4565,6.824260000000001,6.879432
5,2058736739430272,43.78416424502,3.4868137042100003,0.3950440000000004,6.8555470000000005,2.0194,6.993539,6.598495
56100,476270508301993344,61.95534297803,62.33294992404,0.5964080000000003,6.855675,9.0606,7.0650770000000005,6.468669
170,71863087856476160,55.32668246386999,28.70269669626,0.026660999999999824,6.856253,2.4027,6.850888,6.8242270000000005
34275,1436764902379398144,254.95857635243,58.46263439569,0.16442399999999946,6.856827,2.7171,6.904037,6.739613
82760,1820126364623279744,299.55954019634,16.49370022456,-0.023709999999999454,6.8574,4.5864,6.831374,6.855084
92026,1975713135452767616,332.17450179017004,47.93342704801,-0.0614530000000002,6.8575550000000005,2.7785,6.824756,6.886209
62572,2085660209419178496,298.97542276866,47.09001754846,0.21681800000000084,6.85775,2.6046,6.9230160000000005,6.706198
30934,105502371228685568,31.08837907968,25.9201181587,1.2168170000000007,6.858517999999999,11.845999999999998,7.389074000000001,6.172257
34949,1727284049423863936,234.74408453066,85.28608697558,0.2593570000000005,6.858675,2.6024,6.942713,6.683356
76427,2862719780094988928,7.1188869186,32.4376538708,0.11845600000000012,6.859197999999999,2.7817,6.891159,6.772703
79796,1145894942406899712,131.59445338299,82.23919707034,-0.009201999999998378,6.859853,3.0380000000000003,6.844277000000001,6.853478999999999
57585,2055331521207506688,303.7257875286,32.86881869932,0.01584300000000116,6.861978,2.7138,6.857080000000001,6.841237
59,37963495104480000,56.6094929539,13.50901315763,0.11760900000000163,6.863677,3.6115,6.891838000000001,6.774228999999999
38189,1831175494396169472,306.83696630458,23.79063511355,0.22293900000000022,6.864992,2.7759,6.935906,6.712967
30002,927859621955354496,123.7040791579,43.03483659003,0.032100000000000684,6.865634,2.6877,6.868595,6.836494999999999
24571,65010690873940480,56.82126025035999,23.7266308713,0.6735520000000008,6.866364,2.1501,7.120588000000001,6.447036
77639,537106933343756800,6.46349023864,71.80712952105,0.00014599999999997948,6.866756,11.7126,6.845989,6.845843
74268,2270071158616219392,316.92033093041,68.25409148909999,0.15891400000000022,6.867331,5.0498,6.9097100000000005,6.750796
20367,248192111202669952,53.99385553908,47.09091321719,-0.014968000000000536,6.8674100000000005,2.2731,6.847448,6.8624160000000005
27758,635130662697553408,137.98695405043998,18.0440193803,0.07686999999999955,6.868908,1.9931,6.884627,6.8077570000000005
27486,582554731076655744,131.12968363401,5.28589528881,0.10803400000000085,6.869208,1.9485,6.8973130000000005,6.789279
30771,950098550297059200,108.00440367434,43.84286476885,0.0397880000000006,6.869567,2.9207,6.87093,6.831142
24902,81100806594183680,39.74921888038,14.8603861594,1.3477169999999994,6.870099000000001,16.2758,7.475184,6.127467
34519,1609622247822661632,214.44971116556,55.42533305327,0.04382800000000042,6.871066000000001,2.8465,6.874421000000001,6.830593
75201,2448569690198755840,0.51107473616,-2.76618564621,0.39900999999999875,6.871397,1.5262,7.007111999999999,6.608102000000001
33973,1349995018128602880,264.8770494013,44.00138049187,0.08902500000000035,6.872192,1.9302,6.893144,6.804119
76556,2876812736025390080,1.30420481004,35.57084765709,0.18681200000000153,6.872339,1.7977,6.9291160000000005,6.742303999999999
42542,445951990562023040,47.928929209230006,52.16335553381,0.04569000000000134,6.872711,2.4832,6.8734660000000005,6.827775999999999
63862,2128348782724952320,292.49555396001,46.946484964700005,-0.01959599999999906,6.873146,5.1766,6.8540160000000006,6.873612
78598,870559466828911872,108.61063231709,24.71108018569,-0.018600000000000172,6.873436,3.3182,6.855616,6.8742160000000005
49923,2002489026721005312,341.8285852743,53.38173689587,0.23998899999999868,6.874049,3.2308,6.903478999999999,6.66349
34589,1634757568966999680,267.36692666189,68.68934923446,0.30826199999999915,6.874352,2.0475,6.978358,6.670096000000001
38513,103256790527575040,36.74166801146,26.0406989677,0.7447600000000003,6.874981,3.4646,7.1593990000000005,6.414639
82477,3004616978342203776,95.16683266883,-9.89102198972,0.17124200000000034,6.87587,4.767,6.924423,6.753181
33428,1140247850687750016,108.47989047497,78.75258673738001,0.3870830000000005,6.876111,2.2824,7.008062,6.620978999999999
28766,860909637385712000,169.07891862073,59.94322885670999,0.25682200000000055,6.877224000000001,2.2215,6.958458,6.701636
32814,110964504479341568,49.58291193748,24.08167404589,1.3636539999999995,6.877567999999999,10.205,7.491025,6.127371
36567,1816690077225842304,307.08697406536,20.11294574615,0.0162059999999995,6.877771000000001,2.0991,6.87282,6.856614
76300,2840294175295787904,353.36748195522006,24.34248736424,0.28175799999999995,6.878050999999999,3.0741,6.967532,6.685774
77211,2918073112450246912,89.044462605,-21.12241351219,0.12570699999999935,6.878719,2.0458,6.911353999999999,6.785647
75107,2380618737730042752,352.1049852138,-25.420618473729995,0.23964300000000005,6.879175999999999,2.5146,6.955118,6.715475
76839,2895088990103688064,96.41863391959,-29.70298867353,-0.006899999999999906,6.8792,5.6883,6.865891,6.872791
12457,372490732488035200,20.0205219178,41.97026569068,0.437767,6.879525999999999,1.9578,7.031631,6.593864
94912,181035968201305856,80.00308181159001,32.78542804514,0.7125739999999992,6.8802,2.2381,7.15304,6.440466000000001
21340,1515716125086658816,194.74582468745,34.54570910017,2.5067510000000013,6.880518,121.0048,8.231682000000001,5.724931
19523,243197098597337600,56.37957480715,42.00678541387,-0.03483599999999942,6.883821000000001,2.043,6.860196000000001,6.8950320000000005
28232,297657180826967808,27.36318056663,26.47258487336,-0.09481100000000087,6.88431,3.4105,6.83487,6.929681
77593,536099711974343040,12.50973441742,70.77412903048,-0.09932400000000108,6.8861360000000005,2.4321,6.840214,6.939538000000001
34532,1615660151502643712,232.1635710467,61.72669018095,0.15946399999999983,6.887114,3.9999,6.932045,6.772581
35584,1784648079305873280,318.69244515858,16.47913505014,0.3886410000000007,6.8882270000000005,1.8117,7.0210300000000005,6.632389
28643,353173275261936896,33.69326431052,46.687401459090005,-0.023273999999998907,6.888433999999999,3.1888,6.865196000000001,6.88847
61344,2076372978301929088,295.76868454006,39.99719888569,0.42058199999999957,6.888595,1.6785,7.032742,6.61216
6567,230623152340676096,59.31776821277,41.88057361326,0.1015650000000008,6.888638,2.0846,6.914043,6.812478
74892,2296438890557808640,283.47507047392,82.37012087209001,-0.002419000000000615,6.889400999999999,2.1366,6.877992999999999,6.880412
121,61728850526487168,51.14379639377,22.04023506753,0.17364599999999886,6.889685000000001,2.68,6.937003999999999,6.763358
74914,2297769952463853568,315.90095366567,81.1610506155,0.3750529999999994,6.889728999999999,5.0883,7.016738,6.641685000000001
28547,760885930734448128,170.971893156,37.23478971418,0.34282699999999977,6.891846000000001,3.2929,7.007882,6.665055000000001
52592,2018395386568045184,294.2776271696,22.00593360639,0.2530120000000009,6.893702,2.235,6.973141,6.720128999999999
419,64956127609464320,56.45349543712,23.146943332920003,0.024568000000001256,6.895188,2.0549,6.892908,6.868339999999999
31067,416171752482254848,10.65825034947,52.33713255616,0.159478,6.8954770000000005,23.2292,6.930714,6.771236
87968,1843201918212416768,310.42421462271,24.18246188814,-0.03414999999999946,6.895581,7.3813,6.867405000000001,6.901555
17900,62480542820749056,49.23752297125999,23.12646543239,1.4827009999999996,6.896497,10.7631,7.578450999999999,6.09575
63655,2119793929420734208,280.71120456244,47.57538799785999,0.3826680000000007,6.897182000000001,1.7222,7.030460000000001,6.647792
32784,1011635085071791360,139.81369124316,46.94369820855,-0.025790000000000646,6.898250999999999,3.386,6.878061,6.903851
36997,1821709592638784512,300.99757331947,17.12306281372,0.1619350000000006,6.899758,2.8386,6.944446000000001,6.782511
34317,1463832026797092864,194.64039138996003,28.31961732093,0.3164169999999995,6.899966,1.569,7.0054240000000005,6.689007000000001
34570,1630741018629522432,254.09117763672,62.36994181885,0.13488200000000106,6.9001220000000005,2.9832,6.937696000000001,6.802814
41861,1908035205457912704,339.88741143552,38.74842266538,0.3900099999999993,6.9004080000000005,2.0217,7.033098,6.6430880000000005
28249,678725508467083008,126.66558592084,24.53382442353,0.36713800000000063,6.90048,1.5542,7.024506,6.657367999999999
75609,2653568925912626688,340.705071713,0.23182951885,0.44289999999999985,6.903293,3.2993,7.0573630000000005,6.614463000000001
433,153911703537100928,74.97403605794001,27.32549549543,0.2576160000000005,6.903517999999999,2.9360000000000004,6.97697,6.719353999999999
34516,1607844444896321024,214.6296534898,52.03330711583,0.1855639999999994,6.903560000000001,1.7656,6.959428999999999,6.773865
40462,107774202769886848,34.35580267727,28.744710641670004,0.6700019999999984,6.904095,1.2468,7.157692999999999,6.487691000000001
78026,566936237123439360,15.57759877643,81.87555874314,0.14755900000000022,6.909152000000001,2.8624,6.9510130000000006,6.803454
79421,987827226653323520,105.3066849659,54.85653846955999,-0.0884040000000006,6.912205999999999,3.0739,6.870042,6.958446
37382,1824391095378782080,295.58056686898,18.4656697377,0.06524600000000103,6.912331,2.1433,6.925616000000001,6.86037
78683,2930715331515235968,111.07256424622,-18.34795024336,0.3104439999999995,6.9138910000000005,3.1113,7.015907,6.705463000000001
34378,1513043933873478912,209.73103953029,53.10646126316,0.14830099999999913,6.914344,2.83,6.919586,6.771285000000001
89557,3053098844064695040,107.38458429226,-6.04392235907,0.3305259999999999,6.914941000000001,4.4362,7.024934,6.694408
63518,2108224455757800832,275.93352643807003,38.34518742862,-0.016925000000000523,6.917284,2.4316,6.90078,6.917705000000001
92276,3068540350999693952,119.7665798618,-4.33260648233,0.41072999999999915,6.918734,1.5557,7.058053999999999,6.647324
83214,3025276630028706176,91.17838315858,-1.5805292560600002,0.14044599999999985,6.919196,2.1385,6.959627,6.819181
13210,42768532716776704,53.23960555370999,16.59800193198,0.6296310000000007,6.919528,1.4379,7.152713,6.523082
33609,1196889260910849408,234.91620936442,16.31421044331,0.4355650000000013,6.920053,2.4464,7.074260000000001,6.638694999999999
80322,2945329559030225664,95.82669988184,-14.835408060250002,0.2954929999999987,6.921432000000001,2.0046,7.022272999999999,6.726780000000001
60975,2074459828078760320,300.78800241427,41.47460261742,0.46395100000000067,6.923128999999999,2.7043,7.087007000000001,6.623056
26344,273895291446188160,68.0038553573,53.91259644864,0.23033000000000037,6.923214999999999,8.9983,6.959797,6.729467
75503,2602805504850273408,336.6737695421,-11.22825422398,0.353047000000001,6.92438,1.5792,7.043173,6.690125999999999
37,10245940838016768,49.28774962295999,6.799759946919999,0.3203009999999997,6.924497,1.7362,7.03159,6.711289
42190,1925722361820174848,356.18966367112,43.74630670889,0.10470700000000122,6.924546,3.362,6.9480580000000005,6.843350999999999
16586,49251390712484864,65.39607831785999,21.18858268324,0.7716719999999997,6.925216000000001,2.6203,7.22608,6.454408
57318,154000592178981248,73.89390401645001,27.20230213547,1.4527839999999994,6.9254240000000005,11.3409,7.590731,6.1379470000000005
32008,108834200698803584,47.66606976568,21.89229826973,1.231293,6.925677,10.2167,7.463469,6.232176
36478,1814740235092208000,311.19493043596003,20.48951336868,0.3499370000000006,6.926117999999999,2.5562,7.042924,6.692987
80287,2944855119760480128,96.0880359553,-16.22460299424,0.2950140000000001,6.926645,2.7055,7.020113,6.725099
76387,2857501394830370944,5.70824098446,29.454238151190005,0.24122100000000035,6.927594,2.2411,7.005588,6.764367
41530,441582119038093568,51.9125246286,49.59980452847999,-0.0245880000000005,6.927946,2.2848,6.905986,6.930574000000001
33522,112695376297522304,41.81390531509,22.96018768997,1.1306339999999988,6.930321000000001,7.5327,7.412269999999999,6.281636
145,66486510358371072,57.71855293609,23.9612690201,0.13672600000000035,6.930358,2.2784,6.965038000000001,6.828312
31179,106341298600719360,33.509999710420004,26.62704599166,1.3383759999999993,6.931335000000001,10.5652,7.530450999999999,6.192075
70926,2205427365327787776,335.46607227294,63.14006148106999,0.14306199999999958,6.934277000000001,3.3949,6.9729,6.8298380000000005
66027,160226130096020992,72.70044937148,31.56576546388,1.8483310000000008,6.9345550000000005,24.2879,7.843952000000001,5.995621
6230,189624390965917184,84.90331540465,37.98888544516,0.05123299999999986,6.935053,6.0737,6.93594,6.884707000000001
77636,536986433739919488,9.44053573103,72.89484745102,-0.004313999999999929,6.936335000000001,3.936,6.917169,6.921483
75267,2488548001703423104,35.84245415337,-6.192893463280001,0.4019699999999995,6.9389080000000005,1.9522,7.078119,6.6761490000000006
7343,242190770578150656,49.63583374685,44.71943391405,0.1354470000000001,6.938909,2.1431,6.975805,6.840358
44140,144978858756826368,68.03293814930001,21.63234187171,0.773854,6.938979,1.3412,7.240104,6.46625
21372,483568379292318080,72.08205911556,67.76294203162,0.41228399999999965,6.939272,1.6792,7.081154,6.66887
75102,2379409584176933504,346.20903276118,-27.13608562513,0.2936930000000002,6.939288,1.9415,7.034868,6.741175
42221,1926630627143493760,355.55988242605,44.75531630366,0.3509589999999996,6.942411,1.8845,7.059634,6.708675
28714,837189804320603776,163.16385957931,52.07112598643,0.4891059999999996,6.943689999999999,3.9375,7.118459,6.629353
74231,2265937097973716480,283.25382063859,71.78729525809,0.22352500000000042,6.944453,3.2357,7.014993,6.791467999999999
33322,1122464452698653696,130.71356410575,73.16917872539001,0.015988000000001,6.945128,3.2044,6.937131,6.921142999999999
28450,712849985704381440,134.32742316331002,32.44505143519,0.36727100000000057,6.945542999999999,1.8792,7.071036,6.703765
74,18512103615307648,39.01125164936,6.43225500298,0.42900000000000027,6.9463740000000005,2.669,7.095209,6.666208999999999
8802,39001502801541760,61.37973050601,14.28613868324,1.3301540000000003,6.947627000000001,10.9965,7.541967,6.211812999999999
78891,937468288430941184,103.53158608173,32.51132597938,-7.999999999874774e-05,6.94774,3.4542,6.934774000000001,6.934854
29880,916566641104578688,129.06492255201,42.57983306079,0.25771499999999925,6.947913000000001,1.5204,7.029911,6.772196000000001
61053,509110859044049920,25.12919278734,59.05273943955,-0.013405000000000555,6.948282000000001,3.1428,6.928292999999999,6.941698
14920,418043671035327488,8.871819739600001,54.203520267790005,0.10352299999999914,6.949239,2.0929,6.972739,6.869216000000001
75230,2461880751625342208,32.082598168770005,-10.04130498644,0.25481400000000054,6.950193,2.7864,7.031771000000001,6.776957
77375,532454040653282560,23.13561585564,70.01936728194,0.005645000000000344,6.950414,5.6251,6.926913000000001,6.921268
53859,149763929068330496,63.10409987266,23.57445794498,1.267576,6.95112,7.6535,7.43566,6.168084
58488,2059988880676378112,301.77587591795,36.82665616765,0.20216299999999876,6.9512160000000005,1.6431,7.013914999999999,6.811752
78041,568984691715541248,32.62581064197,81.48193728160999,0.35753000000000057,6.951503,2.7567,6.944995,6.587464999999999
18697,52813464789648256,63.62719024638,22.45172480761,0.56236,6.952675,1.6326,7.15624,6.59388
66794,3351587732414107008,102.33422394998,12.175742516760002,3.827044,6.952947,114.5555,9.344894,5.51785
34735,1673280917349757440,214.97817718735,67.78252028528001,-0.005315000000001291,6.954546000000001,1.9429,6.943480999999999,6.948796000000001
1134,139033971183352064,46.39791773462,36.798628120790006,0.27147200000000016,6.954711,3.4033,7.040132000000001,6.768660000000001
43510,450606085841540992,38.66777693855,50.06573819193,0.09639199999999892,6.956179,4.6005,6.973192999999999,6.876801
87603,1835372605164694144,304.57109319898,25.64825519799,-0.20487599999999961,6.957314,6.34,6.871067,7.075943
41826,1906437821221214592,332.52720261931,35.2137479774,0.22204099999999904,6.958802,2.2168,7.026217999999999,6.804177
43496,1953919028278568064,324.97428360787995,39.51498032441,0.31341900000000056,6.959628,2.2486,7.055992,6.742572999999999
77448,533086912674538752,14.55312967728,70.49634477959,-0.07016300000000086,6.960113000000001,3.28,6.921453,6.9916160000000005
35130,1748212909662368128,311.48759856613,7.379159398500001,0.10691900000000132,6.96025,2.7479,6.98427,6.877350999999999
34396,1528613843157185024,194.16177925881,43.55202076353,0.14390899999999984,6.960774000000001,3.4204,6.999339999999999,6.855430999999999
74675,2283142565163409024,349.50667946189,79.87435350664,0.1912350000000007,6.96173,5.6779,7.016344,6.825108999999999
20661,469733121405286400,59.7080171045,57.45072570235,0.09404799999999902,6.962408,2.3072,6.985405999999999,6.891358
57972,506352115651984896,28.92856484118,59.27344277659,0.1716919999999993,6.963394,5.0254,6.991203,6.819511
35709,1793717504046450432,325.41016895741,21.60197465374,0.39208399999999966,6.964256,1.5506,7.098741,6.706657000000001
92286,3068879206739082624,121.2441894195,-3.49576532746,0.043851999999999336,6.964376,3.8736,6.969223,6.925371000000001
29030,873323158023096448,113.84987703145,28.62770319322,0.282127,6.964525999999999,2.6428,7.056086,6.773959
30,7597629643591936,47.11613627243,7.642930375900001,0.3571760000000008,6.964732000000001,2.2517,7.086621000000001,6.729445
79758,1131548166794000768,139.25588351576,77.07423983459,0.10507100000000058,6.966409,2.0104,6.991633,6.886562
74010,2248077073472155008,301.74999669775,66.30792521764,0.07155599999999929,6.968889,2.6806,6.982222999999999,6.910667
34159,1407847677849579392,254.01881777532,47.37098201250999,0.3964340000000002,6.971622,2.7609,7.1094610000000005,6.713027
1391,7137861984507136,44.01746002883,6.175020577509999,1.2644650000000004,6.972165,11.5384,7.528686,6.264221
78242,655908786764758400,124.786171505,16.12179939968,-0.046677000000000746,6.972245,3.1251,6.942500999999999,6.989178
78461,775029739076581248,162.09796634215,37.57031039846,-0.3730299999999991,6.973444000000001,11.7132,6.831338000000001,7.204368
75399,2560499492869284864,26.432556870170004,3.66718326084,0.16636000000000095,6.973948,2.1049,7.0232220000000005,6.856862
17698,439883133052909568,47.11244488485,51.16634567449,0.3161630000000004,6.974419999999999,4.428,7.071238,6.755075
38581,123818512665200896,47.71807265611,32.22639869456,1.200571,6.975895,9.1786,7.496314,6.295743
38,26042658754047360,38.60825252241,11.60469036575,-0.013369999999999216,6.975956,1.7101,6.964866000000001,6.978236
33569,1179504642045708288,219.18181310776,12.87807010537,0.08256200000000025,6.976698,2.7435,6.998064,6.915502
8242,252190725755396864,59.65927051305,53.98861752908,0.39630999999999883,6.976866,3.8037,7.105689999999999,6.70938
39620,1857757424943202816,311.96881317121,27.5953800718,0.35805799999999977,6.977492,2.3738,7.098025,6.739967
71413,2208953567841374976,346.92540748318,65.61682002628,0.23391600000000068,6.9780050000000005,5.2672,7.047764,6.813847999999999
41106,435422586177333120,50.94738153106,48.6043066791,0.03400599999999976,6.979063000000001,2.5115,6.973478999999999,6.939473
38033,102082477749475200,39.24129515303,24.64800884963,0.6708160000000003,6.979341000000001,1.3565,7.224482000000001,6.553666000000001
34658,1650155232878977280,253.61867302628,70.46385111306,0.13069799999999976,6.979450999999999,3.723,7.015189,6.884491000000001
39606,105963513277263104,33.42253009671,25.59584836259,0.6210460000000007,6.981133,2.0276,7.212330000000001,6.591284
10852,327444909330717440,36.70186467,35.6141928755,0.3135979999999998,6.982492,2.114,7.085733,6.7721350000000005
62784,144130516816579200,67.5753273692,19.84041406013,0.6383940000000008,6.982703999999999,1.504,7.217645,6.579250999999999
75612,2654535053036023424,340.74199502802,1.2172531815,0.2658889999999996,6.9845630000000005,2.8149,7.0695380000000005,6.803649000000001
713,107296602406536704,31.835846254859995,27.2375953103,0.14950899999999923,6.985553,2.8427,7.03079,6.881281
89939,1913545407978693632,351.1808126335201,36.3621656748,-0.2022289999999991,6.986155,4.0222,6.904839,7.107067999999999
94435,1982328209714835840,341.35207507774,44.75239738114,-0.024226999999999776,6.988436,3.9267,6.964071000000001,6.988298
6217,401966302768724864,15.21332963127,46.92568079245999,2.553,6.988979,112.3827,8.371639,5.818639
62998,2090755861696195584,282.3498794375,33.70104855927,0.13463000000000136,6.990521,2.4285,7.027923,6.893292999999999
9635,41604493500143872,54.60990197325,15.149369558479998,1.3727279999999986,6.991975999999999,9.7368,7.609392999999999,6.236665
6309,29203582885313152,44.69025272487001,13.60407264633,1.2316689999999992,6.992702,10.5419,7.529862,6.298193
28755,357288884723492480,26.05736583504,48.2112610015,0.06447399999999881,6.993205000000001,4.428,7.001175999999999,6.936702
80015,215599288018509824,85.86366844636,52.48888030578,0.7826149999999998,6.993805,1.0784,7.301079,6.518464
33071,1088818537894610944,112.90034769667,62.50171313247,0.0882069999999997,6.994216000000001,2.3532,7.014578,6.9263710000000005
420,65017627244152064,56.83746288644,23.80314110025,0.04240600000000061,6.997605999999999,2.0045,7.002589,6.960183
1844,154907959856241536,72.59327513172,28.10537248093,3.417574,6.998103,128.5893,9.075678,5.658104
79983,2938842371705086336,98.69083349088,-20.55742942432,0.1627010000000002,7.000862,2.8504,7.04634,6.883639
6382,29564978613492224,47.25391335579,12.85970919588,1.077348999999999,7.003108999999999,6.1307,7.458342999999999,6.380994
96375,3110350964271594240,111.64221872836,-0.46955283188,0.13329000000000146,7.003464,2.8518,7.0383830000000005,6.905092999999999
40021,1862427566225761792,310.50986180184,31.311966582070003,0.03653199999999934,7.004092,3.0797,7.005028,6.968496000000001
2944,183600338554721920,79.81400085777,34.89052118769,0.27784499999999923,7.005047,7.2969,7.058911999999999,6.781067
63751,145373377272257664,66.06128542553999,21.73604224563,0.6713420000000001,7.006639999999999,1.2995,7.259129,6.587787
31,183255985260080896,82.42771093332,35.37501390189,0.3293539999999995,7.007052000000001,6.4797,6.955261,6.625907000000001
34196,1418418176480374784,267.93663777133,56.12019916666,0.32394199999999973,7.007666,2.8608,7.116845,6.792903
75078,2357111763244742016,14.40739313166,-18.99860202971,0.06986199999999965,7.007691,2.4342,7.019719,6.949857000000001
89987,1923071404923523584,351.50428814647006,39.33941056934,-0.007946999999999704,7.008667,2.2248,6.993549000000001,7.001496
2703,2059853915630134912,300.87247766983995,36.02511626191,0.27050200000000046,7.008686999999999,15.2442,6.965003,6.694501
89806,1896822557674613248,330.81028559786,30.20323217907,-0.04537200000000041,7.009644000000001,3.3434,6.981374000000001,7.026746000000001
28868,867795878711266944,115.99178140097,24.24397044048,0.36145599999999956,7.010028999999999,5.8564,7.132034,6.770578
65056,2163546314612990848,314.72781051258,46.25236512298,0.2680189999999998,7.0125020000000005,2.0825,7.099152,6.831133
34095,1378771883127857920,243.30373781776,38.07252852457,0.4341299999999997,7.013412,1.6455,7.168119,6.733989
21966,70299410522268032,55.94165231416,26.38107376047,1.327699,7.013977000000001,11.3923,7.607007,6.279308
3464,184810140644972032,76.53486448561999,33.91862086309,0.0013529999999999376,7.014952,2.9556,6.997721,6.996368
75745,2693902139155925120,328.91061410963,2.36074874944,0.3451140000000006,7.016122999999999,4.6357,7.127827000000001,6.782713
33582,1185528934973681152,223.23512093488,15.1322817004,0.2100390000000001,7.0165,1.9773,7.080789,6.87075
933,169431963001150848,61.66269961605,32.38503791122999,0.10448900000000005,7.01714,4.8732,7.035477,6.930988
30949,105533191914026624,31.733700701950003,26.32349899795,1.1994119999999997,7.017198,6.7668,7.538322,6.33891
19978,5862171759641013120,198.68491313451,-63.58107294228001,0.20488199999999956,7.019213000000001,5.7608,6.961717999999999,6.756836
75451,2581154815229445376,15.62332719856,8.8214703549,0.37040200000000034,7.019414,2.2377,7.142796000000001,6.772394
892,123185851098826880,46.7165008307,30.52683115334,0.3772339999999996,7.02182,1.5982,7.147906,6.770672
100,54819798632949632,52.42747040712,16.762249714720003,-0.026726000000000028,7.021831,2.5751,6.997427,7.024153
82067,1801553998302086656,303.715549828,10.47237778092,0.005366000000000426,7.022409,2.2676,7.010047,7.004681
28462,715396970031075584,136.38829378411998,36.18029975483,0.3469400000000009,7.024762,3.124,7.142688000000001,6.795748
34459,1574113936415101568,186.63597274193,55.1594951738,0.13247700000000062,7.025537,1.9933,7.0617600000000005,6.929283
33069,1088683950800150144,116.7516018552,64.05176715661,0.07547100000000029,7.025656,2.9569,7.046585,6.971114
80328,2945467925700197376,101.21212356281,-18.57057502429,0.3328199999999999,7.026536999999999,2.1333,7.136653999999999,6.803833999999999
33635,1206270362839701504,240.69247971838,22.23836331597,0.16619700000000037,7.027375,2.7139,7.074882000000001,6.908685
38663,123964408410206464,50.849789691800005,30.983863173840003,1.364827,7.029558,12.1201,7.634859,6.270032
33972,1349956913178645376,264.51436084063,43.59884497245999,0.09976300000000027,7.034028,4.3656,7.055888,6.956125
75621,2657964979559004416,350.72187059998004,2.8182502618900003,0.0236900000000011,7.034153999999999,1.9595,7.033258,7.009567999999999
61790,3057773726982834688,114.48560830516,-3.46206244949,2.261741,7.034506,71.5467,8.211934,5.950193
34369,1507839292504644096,214.7188455274,48.59216183926,0.41075400000000073,7.035585,1.6256,7.177571,6.766817
41242,437914010806274944,43.16656859136,48.81644677063,0.01731499999999997,7.036899000000001,2.411,7.029823,7.012508
45952,150694566874541824,63.6339367053,26.25539480154,0.803426,7.038333000000001,1.042,7.351939,6.548513
52961,148409987868911616,69.35261862733,25.72723982825,1.565684000000001,7.038367999999999,10.7106,7.768324000000001,6.20264
32863,1032832917636464896,120.30024233528,54.460399661450005,0.25328399999999984,7.039237,2.2434,7.118989999999999,6.865705999999999
19908,1375538425588398336,234.10902084088,37.37663713867,2.70744,7.039732000000001,81.9944,8.535318,5.827878
63458,2105791477045073536,284.98884796131,43.25391228529,0.37155399999999883,7.041076,2.289,7.168817999999999,6.797264
29866,914409845968602112,127.76547872961,40.05550395484,0.21886200000000144,7.041524000000001,4.5181,7.109755000000001,6.890892999999999
81147,1625497207158487168,250.27611778139,62.30796144136,0.4828410000000005,7.041664999999999,4.034,7.195078,6.712236999999999
74626,2281749209054497792,352.91621899243995,77.81974625573001,0.038273000000000224,7.042864,2.6495,7.045445,7.007172
32828,1025426882189641856,144.17872732731,56.97020922719,0.1841999999999988,7.043069,1.8961,7.09836,6.914160000000001
32341,987619144077069824,108.28968168695,54.49372302877,0.1376009999999992,7.043188000000001,2.5217,7.080394999999999,6.942794
8895,259915516493372800,73.7924090072,51.60448491209001,0.0649759999999997,7.043519,2.2087,7.055925,6.9909490000000005
33748,1269606561924285440,225.77664580236,28.26725836688,0.14324000000000137,7.044385000000001,2.2079,7.076974000000001,6.933733999999999
384,146239551916619904,67.59357965676999,23.58885843415,0.6329479999999998,7.044735,6.2959,7.269981,6.637033
27669,608629958566894720,133.44044750576,13.830389791320002,0.24443000000000037,7.044899000000001,2.158,7.1208350000000005,6.876405
72585,2218713004845348480,334.30093211276,66.12898207277,0.21737800000000007,7.04617,5.7199,7.109145,6.891767
34303,1446615736290041216,200.49894674304,24.882255605100003,0.3105179999999992,7.04649,2.0754,7.149178,6.838660000000001
41789,442609131615494784,50.02625839247,50.96864774294001,0.08095199999999902,7.051008,2.4029,7.064404,6.983452000000001
34619,1641893365070336512,240.24134691408,64.95001289026,0.1320699999999988,7.05122,2.7327,7.085597999999999,6.953528
80416,1333316487590778368,259.36036107098,31.51835216729,-0.16823499999999925,7.051467999999999,3.1009,6.981674000000001,7.149909
76517,2873212969315360000,354.64235588129,35.03310742170999,0.14956299999999967,7.0526990000000005,2.2316,7.092812,6.943249000000001
19536,243650131747283712,56.81734531284,44.07358545062,-0.012510000000000687,7.054239999999999,1.808,7.039275999999999,7.051786
75364,2542373597009506944,7.91987630822,-1.7937254214700002,0.08428200000000086,7.056261,1.7152,7.0765720000000005,6.99229
277,128904067476795392,41.91085481704,29.67849940758,0.11768900000000038,7.057108,5.3334,7.080521000000001,6.962832000000001
78125,597069349715309440,131.63454851111,8.47794995994,0.030405999999999267,7.058097999999999,2.3107,7.05638,7.025974000000001
75115,2384894429212734080,349.12251164115,-23.22567545541,0.37456599999999884,7.058892999999999,1.6392,7.191178999999999,6.816613
43150,1945461889773383168,359.79939420252,53.563105555620005,0.21038900000000016,7.0595550000000005,1.6924,7.124805,6.914416
75700,2685592648748354304,318.76611788385,-2.57192136884,0.2264689999999998,7.060554,4.5271,7.1290320000000005,6.902563000000001
86908,1829454140222690176,305.17547419034,22.27675776943,-0.09924799999999934,7.060826,4.2358,7.013014,7.112261999999999
172,14724045539432832,46.17876264984,9.09022823223,3.0259269999999985,7.061389,103.2548,8.804561999999999,5.778635
34803,1694265715241181184,227.27587183705,69.65308319485,0.4279919999999997,7.061775999999999,2.5522,7.209555,6.781563
29550,408176103926440576,29.15652804364,53.30451006758,0.028034999999999144,7.062139,6.8338,7.053131,7.0250960000000005
32905,1043894691807310080,134.77360251161002,63.35231449854,0.15312700000000046,7.062166,2.7106,7.10608,6.952953
81935,2995144135912615808,88.00604612129,-15.50608716897,0.1984679999999992,7.062742,3.222,7.12224,6.9237720000000005
27760,70103250776647424,55.77696601479,25.681295874710003,0.5630639999999998,7.063005,1.8029,7.267394,6.704330000000001
52791,2020210439768731648,295.09914041565,23.48021369127,0.2615949999999998,7.063275,1.9827,7.146731,6.885136
76356,2850887316994104064,357.32610173959,22.85441334212,0.10774400000000028,7.063536,1.7839,7.090198,6.982454
16774,1096023878111446912,113.92313036179,67.45259736494,3.45672,7.064184,120.8971,9.145567,5.688847
69798,515060522622174080,31.25606637738,64.38558600737,0.49022900000000114,7.065135000000001,12.3748,7.222413,6.732183999999999
65999,149313099234711680,65.87712191462,24.40521876986,0.6024349999999998,7.0662720000000006,1.4633,7.288072,6.685637
74153,2260383945778736640,273.56037431111,70.83440000251,0.26322899999999994,7.067518,2.6658,7.150898,6.887669
90992,3058860284992107392,110.0190425485,-4.99145135904,0.388255,7.068223,1.9858,7.201414,6.813159
28535,752768270746349184,155.7718638017,35.21756390021,0.2629450000000011,7.068254,1.4179,7.153588,6.890642999999999
29868,914611949949595136,125.66220944825,40.4436507104,0.40161299999999844,7.068417999999999,3.5609,7.207128999999999,6.805516000000001
78750,892876494854850560,111.52740190404,31.89669954524,0.026140000000000718,7.068428,1.9319,7.0672690000000005,7.041129
263,1301929142132608,44.655748793220006,2.12044916437,1.5259829999999992,7.068492999999999,18.9303,7.778950999999999,6.252968
76993,529141624433685248,1.3334707313299998,68.88447217883001,-0.009996000000001004,7.069244,2.3957,7.055139,7.065135000000001
78135,600389320779499520,124.59533915497,9.1514353987,-0.22123199999999965,7.06927,3.3954,6.984738,7.20597
42963,133534454542144256,41.00572979955,32.37015663431,1.243367,7.069974,10.6812,7.613662,6.370295
24092,258831123152082688,68.69150492284001,50.12444921326,0.11008899999999944,7.070693,2.7565,7.094138,6.984049000000001
19361,65557251233100288,59.76430129256,23.62810798084,1.2223099999999993,7.071256,9.6122,7.603959,6.381649
1653,1873308264576736640,313.84631727588,40.30002109467,0.4025339999999993,7.0715580000000005,6.8699,7.184966,6.782432000000001
33114,1098105906456838912,116.77020613486,69.15424837424,0.37793600000000005,7.073506,2.2847,7.202833999999999,6.824897999999999
75180,2433131344353261952,353.30793941202995,-12.60926726545,0.20290999999999926,7.074109,1.9449,7.136054,6.933144
28723,355993728746239104,30.583499215709995,46.84241944948,-0.053163000000000515,7.075063,2.9333,7.04529,7.098453
33527,1156820170976482688,226.02681132645,5.492694725040001,0.40301600000000004,7.076244,1.81,7.213937,6.810921
33652,1213214397243358208,227.89291457172,20.04330013326,0.4094489999999995,7.0767940000000005,3.152,7.222662,6.813213
76849,2895266492512508800,98.53373295314002,-29.62975637096,0.3283990000000001,7.0771880000000005,2.4887,7.188516,6.860117
58935,2062156773994822144,303.4813551953,39.15910428282,0.2204359999999994,7.078545,2.4418,7.148300999999999,6.927865
33599,1194433639129253760,234.17728774046,14.9246980125,0.05911100000000058,7.079548,2.198,7.088723,7.029611999999999
690,103052590602611968,36.46701236971,25.15962424699,0.3357409999999996,7.081229,4.7124,7.178085,6.842344000000001
64657,2161692744141783936,271.3128780559,65.72346812783,0.05819499999999955,7.084097,4.3234,7.092664999999999,7.03447
41430,1876130882710469248,339.30267431468,23.473422285050003,0.4044710000000009,7.084933,1.725,7.224019,6.819547999999999
75583,2640290673739868800,353.23108738546,-3.01677119013,0.14146700000000045,7.085806,2.1831,7.125428,6.983961
64696,146848750077282816,70.51701233245,24.01072456315,0.6218229999999991,7.086922,2.7594,7.316389999999999,6.694567
67751,2176508285372701824,317.91494178365,53.74620674137999,0.007195999999998648,7.089571,1.9795,7.080753,7.073557000000001
27561,595977294151338624,126.75003894388,7.22111633227,0.2819710000000004,7.091558999999999,3.3651,7.182283,6.900312
43892,1962222299572580352,334.00401245969,45.08913135373,0.32822700000000005,7.093453,5.6503,7.199708,6.871481
38096,1830185899576300032,304.10682086737006,22.39640528428,0.4623399999999993,7.096914999999999,4.5942,7.258926,6.7965860000000005
36500,97594065126285952,30.52992602446,22.10386851111,0.6205589999999992,7.098901,1.4321,7.331111,6.710552000000001
15739,423773604081990912,13.62564891763,56.31950616616,0.3747859999999994,7.100274000000001,2.8971,7.228439,6.853653
71595,3681046152474871936,187.29117235482,-4.10996104819,3.3543570000000003,7.100323,141.9769,9.106377,5.75202
6418,228134201613088256,66.11507414287,41.72988253802,0.17059900000000017,7.100663000000001,1.6634,7.151597,6.980998
408,64232992554986624,55.0896829894,21.40575457357,0.39551099999999995,7.101067,1.779,7.236736,6.841225
33433,1140757096369712256,98.35076365943,78.16843434029,0.04214599999999891,7.101894000000001,3.9428,7.105689999999999,7.063544
79535,1018174297334718720,140.63400615895,49.54479373595,-0.09163999999999994,7.1024910000000006,2.5745,7.059815,7.151455
489,68540535515653504,54.77812109736,24.70265856456,0.03869400000000134,7.10341,1.8385,7.105184,7.066489999999999
47761,1989936039912247552,341.97823929598,51.97944673623,0.3163229999999988,7.103699000000001,3.5352,7.207975999999999,6.891653
76180,2814441873788229888,352.25924465397003,16.01254500479,0.09289700000000067,7.103996,2.4569,7.125339,7.032442
553,156103270731307520,77.8256315032,29.729846609540004,-0.03549700000000122,7.104061,2.1347,7.077972999999999,7.11347
81517,2954791234539940864,78.79428672106,-28.33517691277,0.3295400000000015,7.104092999999999,1.615,7.214891000000001,6.885350999999999
76515,2873203314231630080,354.96055752074,34.955186326470006,0.1808190000000005,7.104113000000001,2.3156,7.157408,6.976589
76417,2861838727684096640,2.00698935636,31.3910484047,0.23575399999999913,7.10434,2.3077,7.177117,6.941363000000001
74445,2275894309634721024,303.33615765467005,72.89708516862,0.423184,7.104574,2.2001,7.250284,6.8271
74629,2281762643712140416,352.64176798075,77.89406545396,0.08937500000000043,7.104957000000001,5.0118,7.122551,7.033175999999999
34085,1371690959524666496,238.73674057129,34.36256602706,0.19092200000000048,7.105478999999999,2.4305,7.163124000000001,6.972202
2536,180168556606465280,78.56014487377,30.39987845625,0.3901779999999988,7.105857,1.6059,7.23821,6.848032000000001
28233,298361658542888704,29.50495432321,28.51984764136,-0.03224000000000071,7.106071000000001,2.0714,7.084206,7.116446000000001
34522,1611444898799946624,214.03500939043,56.71270640790999,0.3225629999999988,7.106072,2.9698,7.211948,6.889385000000001
86890,1829099685164349952,304.71689993617,21.21008918994,-0.041984999999999495,7.107286,2.4242,7.079969,7.121954
6612,30479806647464448,46.20694897101,13.79742963623,1.13746,7.107633,8.3787,7.592573,6.455113
74375,2272876768691795328,328.0723642398,72.48992476686999,0.1352000000000002,7.108024,4.8703,7.141285000000001,7.006085000000001
80076,1283687732463916160,217.13879539042,28.29051549711,-0.009429000000000798,7.108298,3.6902,7.093828,7.103257000000001
33516,1152593923157972736,140.45080538458,88.57038273663,0.24440100000000076,7.110003999999999,2.2955,7.163696000000001,6.919295
28575,776873894954263808,166.07561538484,38.86823890045,0.28756500000000074,7.110146,1.9765,7.203441000000001,6.915876
41570,1891503086060035200,343.14138932144,35.33755393325,0.23268299999999886,7.110447,4.5053,7.180383999999999,6.947701
13485,43448546298825216,57.23397586469,16.45901937744,0.6198320000000006,7.111308999999999,1.7564,7.336711,6.716879
21015,68388528032874112,55.325373283530006,25.00824579731,1.3959800000000007,7.111349000000001,11.6453,7.743621000000001,6.347641
72507,204358907633155840,70.40451819316,42.11660697215,0.8197139999999994,7.111867999999999,0.9649,7.432022,6.6123080000000005
22953,1670051205022226688,215.59307150514,66.54623023904,2.397301999999999,7.112164,119.5608,8.377191999999999,5.97989
75894,2727006785000789504,331.54408653906,10.09342881783,0.2140550000000001,7.113263000000001,2.5211,7.181082000000001,6.967027000000001
93596,3099396976603310208,101.49061688859,-7.338949506830001,0.0908199999999999,7.115888000000001,3.1622,7.133719,7.042899
63134,510444497932279680,18.51519622846,60.8831103821,0.12140800000000063,7.117477,8.1847,7.137682000000001,7.016274
81741,2985381675248556160,81.66325897091,-13.85946756635,0.08540599999999987,7.117488000000001,2.8065,7.135739999999999,7.050333999999999
28531,342065660904197376,37.8151281279,46.39487245765,0.2565179999999998,7.1178550000000005,1.6351,7.143748,6.887230000000001
98320,3119806180155649280,99.46158604278,0.52705673203,0.07874099999999817,7.118108,2.2353,7.137772999999999,7.059032000000001
43231,1948314851869928576,328.89670587697003,34.97699967441,0.29898199999999964,7.118136,2.5351,7.21653,6.917548
27978,661778117271470592,131.58426372435,20.61640486944,0.1027610000000001,7.11883,2.2964,7.144347,7.041586
77926,554863633812579328,57.16852795294,78.11916020792,-0.05709599999999959,7.118894,3.2704,7.084949000000001,7.142045
35127,1747852750884918784,309.39083346196,6.50090071715,0.19414100000000012,7.119528,2.3116,7.177080999999999,6.982939999999999
75162,2417303599593893248,4.14143543129,-13.4040328212,0.28823299999999996,7.122905,2.7991,7.216767,6.928534
34664,1650799100017732480,259.73946388335,70.78793366925001,0.05198299999999989,7.124947,1.9687,7.134272,7.082289
34181,1415750108436751488,257.82365216117995,51.75437450311,0.12535899999999955,7.124988,2.6819,7.159062,7.033703
7259,26958208342737536,39.00551217533,13.755029260310002,0.7286129999999993,7.125164999999999,4.3957,7.401797999999999,6.673185
23961,519589376653043968,24.09839515867,67.61499426177,0.10587500000000016,7.125219,4.2431,7.149828,7.043953
81201,2952212226940203136,100.75943592872,-13.6982232241,0.08924299999999885,7.1252320000000005,2.5292,7.143211999999999,7.053969
27781,644170538063191936,144.23783992071,23.03106636235,0.07705599999999979,7.125848,2.4668,7.140273,7.063217
27496,583379124279340032,135.45471475218,5.65160919364,0.42711700000000086,7.126083,2.1793,7.273952,6.846835
75298,2503064166530196096,39.28993938397,2.41538263505,0.5325610000000003,7.127258,2.8634,7.322196000000001,6.7896350000000005
129,63808168751202176,58.50847539303,21.94504189538,-0.046953999999999496,7.127733999999999,3.1485,7.094161,7.141114999999999
78020,566016942325467648,25.13147931518,81.42981576858001,-0.0009710000000007213,7.128938000000001,4.2214,7.114526,7.115497
17052,60312993083078016,47.44032637562,20.00077384573,1.3670179999999998,7.129544,15.6515,7.743525,6.376507
75975,2751655189995388032,7.87608254712,11.53202926019,0.3638989999999991,7.130641000000001,1.723,7.252801,6.888902000000001
81922,2994705911810264576,91.48202017169,-13.247786636889998,0.39466299999999954,7.1313,3.1060000000000003,7.266031,6.871368
34343,1489065200179530240,223.99931021961,41.1367696084,0.35457699999999903,7.132766999999999,2.2559,7.250897999999999,6.896321
29793,904520804028163456,125.19939927776,35.77871570782,0.2227939999999995,7.133266000000001,1.8543,7.201241,6.978447
2903,183422698708507136,83.22207945079,36.31964273378,0.3565869999999993,7.134677000000001,1.9505,7.254581,6.897994000000001
41558,1890576094678643968,342.89220940387,32.81553580547,0.2543470000000001,7.134953,2.4684,7.214952,6.960605
77554,2922205867425941888,102.40851424769,-24.14354650106,0.0956419999999989,7.136713,3.1661,7.158703999999999,7.063062
33356,1128231631704164864,162.84455728655,75.99461464235,0.2946989999999987,7.136972999999999,1.6523,7.235125999999999,6.940427000000001
35414,1764536499805787904,314.25571868369,17.097492290479998,0.20493700000000015,7.137515,2.684,7.198578,6.993641
41177,436422248405849088,48.459890737840006,49.56876884129001,0.07218199999999975,7.137924000000001,2.2952,7.148034,7.075852
34707,1662559751265505664,205.96723681268003,60.14552178761999,0.16911699999999996,7.13812,1.9808,7.190241,7.021124
92959,1979003389642223872,325.04815498517,49.68299885134,-0.03198399999999957,7.138914,4.7229,7.113183,7.145167
28588,787944568300368896,176.95829933828,49.82301206137,0.062156000000001654,7.139582000000001,2.0705,7.135746000000001,7.073589999999999
77888,548107272298634752,46.070928965220006,75.14952192272,0.005338000000000065,7.139642,3.5388,7.126838,7.1215
27338,570425124958280064,84.31294930274001,83.86134742979999,-0.006470000000001086,7.139911,2.9502,7.126854,7.133324000000001
33100,1094321932894573568,127.68415155905,68.51480864423999,0.03556999999999988,7.140091,2.9776,7.139692,7.104122
34386,1523144322564237440,197.50516765907,38.72375112131,0.2397430000000007,7.1405,3.4169,7.216221000000001,6.976478
15665,423370770507755648,14.31052215625,54.95237500068,0.1279950000000012,7.140878,1.9214,7.174874000000001,7.046879
31699,107944042956513920,33.0954010694,29.20288701178,1.7777189999999994,7.141336999999999,59.4412,8.008823,6.231104
10928,331726854285428992,35.822194899130004,38.25270232131,0.02440299999999951,7.144988000000001,4.8034,7.137722999999999,7.11332
30424,942432304255481472,97.17799288722,34.864595715890005,0.14476400000000034,7.147338,5.8361,7.184009,7.039244999999999
70,45292392937506560,62.7298678439,15.9466058168,0.23620200000000047,7.147641,2.728,7.214724,6.978522
25077,265328102997506688,89.41905161054001,55.65671466071,0.07516400000000001,7.149067999999999,3.204,7.161803999999999,7.086639999999999
29729,899283246031823616,114.45092094278,38.87878088953,0.3810740000000008,7.149373,2.194,7.278525,6.897450999999999
87835,1837262184608359296,302.63260888073995,28.434277198790003,0.018918999999999464,7.150303999999999,10.0083,7.136755,7.1178360000000005
37656,1826288199605574784,297.72086445995,20.03954602194,0.2625359999999999,7.150685,3.7555,7.235047,6.972511
33680,1225132313013868416,214.64847168169,10.51046867078,0.4086540000000012,7.150888,2.0575,7.293227000000001,6.884573
69906,163786348748685696,60.56195940298,28.12635442751,1.173220999999999,7.156385,10.3608,7.659689999999999,6.4864690000000005
92753,3083920865105965696,119.35765353522,-0.6359018405100001,0.011390000000000455,7.15667,2.1242,7.151077000000001,7.139687
34171,1412221397666234880,251.14402414555,49.862683499060005,0.41062000000000065,7.158104,2.0913,7.301463,6.890842999999999
63644,2118695311146199296,277.1483806922,46.42327821681,0.37128599999999956,7.159087,3.9963,7.284932,6.913646000000001
119,31136107714336896,48.53508918869,15.590357197770002,0.08128899999999994,7.1603460000000005,2.0569,7.176616,7.095327
82723,3009096629230718592,85.46016650704,-12.31085940609,0.16010600000000164,7.161499000000001,1.9346,7.208399000000001,7.048292999999999
38784,124177679306458752,50.57653238633,31.41430840544,1.3374059999999997,7.161832,11.6012,7.759345,6.421939
44371,455030486274102272,34.90752883688,52.56140421829001,-0.0663929999999997,7.16206,5.8554,7.121886,7.188279
28602,794503773634723072,147.26169667737,34.08514581547,0.30213599999999996,7.163036999999999,1.6469,7.262008,6.959872
10639,311075380214316416,13.855306715970002,28.55922117731,0.2630239999999997,7.163781,1.6148,7.248676,6.985652
88036,1845729523649466240,312.52291954656005,27.3777360472,-0.06950400000000023,7.164625999999999,2.8202,7.12918,7.198684
24082,64115585330656000,57.51517110766,22.5913597104,0.665865000000001,7.165409,1.2163,7.415285000000001,6.74942
64643,2160126970864071680,277.82924032449,62.53822174078,0.43598400000000126,7.165689,2.5471,7.317774000000001,6.88179
34948,1726909390836073472,188.71199473809,85.73225515646999,0.3379690000000002,7.165984,1.5453,7.279028,6.941059
70092,2199653108220931072,333.77075144992,59.1142522676,0.06214500000000012,7.166583999999999,2.3080000000000003,7.169331,7.107186
27439,577669635274282752,133.46650527947,1.8241122138900003,0.4430379999999996,7.16708,2.1252,7.304212,6.861174
67267,151588916504442752,69.62320192819,26.93895665071,0.4646510000000008,7.167124,1.9742,7.32653,6.861878999999999
3020,13755375795347328,48.14629247201,8.59368968088,1.320393000000001,7.167308,10.5724,7.754249000000001,6.433856
96279,2001002933690092032,335.09464350542004,51.86099772317,0.10165000000000024,7.167573,6.5284,7.162796000000001,7.061146000000001
7109,436085935285695104,45.58136942475,48.10500525989001,3.7508600000000003,7.167828,129.3755,9.504115,5.753255
88859,1864840753729782912,314.68218627444,31.64754968852,-0.04608499999999971,7.168507000000001,2.899,7.139152,7.185237
77711,540153645701985152,4.61543029912,76.27649907028001,-0.06363199999999924,7.168597999999999,3.2375,7.133863000000001,7.197495
81678,1755310188501616640,307.80449034751,11.26060343805,0.02900300000000211,7.169878,3.2682,7.098421000000001,7.069417999999999
26579,100254161710940928,32.84775594571,21.37728648532,0.8316779999999984,7.171292,1.0271,7.498966999999999,6.667289
13106,752936736543551104,156.61830073542,36.22766267688,2.3061309999999997,7.171941,65.2517,8.378572,6.072441
7292,33313488630458624,41.90861629991,15.23120849809,1.295026,7.172235000000001,9.7665,7.731677,6.436651
63673,2121365402118201216,275.74852210556,46.36300057403,0.37945399999999907,7.173155,2.3246,7.301075999999999,6.921622
41841,442841918844285824,49.20473309902,51.2180815162,0.08449000000000062,7.173210000000001,2.4209,7.186377,7.101887
33933,1344182071951782784,263.67244601998,40.90937294181,0.0910890000000002,7.173553999999999,1.8689,7.195464,7.104375
82120,1803006109570544256,302.20700127374,12.22828248594,-0.07994000000000145,7.175527000000001,3.1878,7.133825999999999,7.213766000000001
73646,2234607338777882368,301.93961318763,57.79983678951999,0.029345000000001065,7.175592,3.2697,7.177215,7.147869999999999
22714,5969698194333785088,254.22779076025,-40.51234565785,0.26317099999999893,7.1759960000000005,6.7652,7.236903999999999,6.973733
20210,464665678471946112,43.24001280003,60.471315874510005,0.37848099999999896,7.176810000000001,1.5845,7.305069,6.926588000000001
33751,1274149228575867264,234.67705977839,31.55183630688,0.3336900000000007,7.177722,1.9963,7.289005,6.955315
13310,203337740505891712,71.75893157476999,41.30497804549,0.11568000000000023,7.17807,4.3477,7.2028300000000005,7.08715
29308,885827216570786560,110.20660687235,29.73417799773,0.2057689999999992,7.178242999999999,3.8151,7.238858,7.033089
41867,1908366776932994048,338.86478278886,39.58581607514,0.36665599999999987,7.178917,2.6180000000000003,7.303671,6.937015
85734,3035569501977978240,118.92150879413,-13.73233001753,0.5195449999999999,7.179175999999999,3.8527,7.365653,6.846108
95237,1995526747297893504,347.77893470184995,53.0582123523,0.022813000000000194,7.179537,13.7352,7.163038,7.140225
80501,1352221219937260160,251.90731126263,37.56020839039,-0.07102200000000014,7.179757,2.1909,7.145103999999999,7.216125999999999
33526,1156358444812070528,226.49238753785,4.23350945525,0.2973020000000002,7.180046000000001,1.7933,7.277636,6.980334
27454,578978122831046272,138.35324057398998,3.82456643568,0.36329499999999904,7.180176,1.6582,7.303061,6.9397660000000005
28306,682570706786179072,124.52738242668,26.42454316673,0.18672299999999886,7.180731,2.8283,7.237128999999999,7.050406
59818,2068365441264551552,304.93705998051,41.13852864628,0.04019700000000004,7.181216,2.5449,7.18465,7.144453
12453,372383495744580992,21.57076015962,42.31115466157,0.3506999999999998,7.181709,2.4833,7.298796,6.9480960000000005
84973,3032714173363373696,109.19607165234,-13.68112681734,0.09238899999999983,7.181734,2.7296,7.201767,7.109378
26874,88961387019870080,38.0613788718,21.11807992986,1.1611769999999995,7.182017,8.5196,7.681178,6.520001000000001
75905,2728691163799248896,331.64133616465,12.44538045516,0.3331009999999992,7.185803,2.0154,7.297267999999999,6.964167
6519,24340923991956352,36.54657675615,10.63665662145,0.7327439999999985,7.187089,1.0668,7.467242999999999,6.7344990000000005
1991,9769543065590912,52.75596189614,7.19824362717,1.4639259999999998,7.188808,16.4834,7.85882,6.394894
39088,104717285566534016,29.49004522077,23.60302299061,0.7239690000000003,7.190488,1.1846,7.465396000000001,6.741427000000001
63990,2131198064025779072,287.61455761332,48.44441408182,0.13421899999999987,7.190613000000001,4.0742,7.225267,7.091048
2975,183932184907589760,79.12067679848,36.07180469486,0.24135799999999996,7.190756,3.947,7.264521,7.023163
92971,182580335363840256,82.59773164457,34.20072221828,1.1764709999999994,7.190767999999999,10.5046,7.698935,6.522464
44281,1965474242654170240,320.89820480623,40.0186509771,0.179964,7.191669999999999,2.4048,7.244547,7.064583
81530,2956669166040391040,81.85340786386999,-26.5851437693,0.3128389999999994,7.192183999999999,1.536,7.296100999999999,6.983262
14277,61230432459246336,50.83035809682,20.97051260964,1.0257800000000001,7.192219000000001,7.8644,7.393569,6.367789
99786,3129962815738593280,103.66713948103,6.72409104126,0.27705100000000105,7.192353,4.2718,7.279399000000001,7.002348
21952,84625634714435968,41.86480869933,19.37111881367,0.7786789999999995,7.192943,1.048,7.489586,6.710907000000001
4242,15516278027114624,47.10452503052,10.79572553842,0.5891849999999996,7.194936,2.6010000000000004,7.409712,6.820527
75063,2344599900739825280,14.20483223416,-25.36335712606,0.14353300000000058,7.196034,2.1489,7.236527000000001,7.092994
28734,849352842464676480,160.32375460757,52.97054132361,0.28672200000000014,7.1962,2.57,7.289235000000001,7.002513
12419,370498279979469696,15.130956055029998,37.79151266681,0.16043299999999938,7.196791,2.2534,7.240108999999999,7.079675999999999
141,65776736943479808,59.58717248565,24.08092060838,0.03389700000000051,7.197622,1.8419,7.197748,7.163850999999999
49078,1998740447990386560,355.25318622982,57.83868461821999,0.24125300000000127,7.19821,2.7672,7.275296000000001,7.034043
5758,26719236362332544,40.11280129562,13.52708642894,1.292043999999998,7.199225,11.5996,7.770005999999999,6.477962000000001
11601,39026791568954112,61.59571140412,14.40249438492,0.6522139999999998,7.199267999999999,1.6366,7.421578,6.769364
76133,525945447214106752,16.47078460702,65.97101762383001,0.24043999999999954,7.199566,5.2304,7.267703,7.0272630000000005
23865,91436215895144704,27.08655736442,17.02298015726,0.8243790000000013,7.199617999999999,2.867,7.524633000000001,6.700253999999999
90221,1941376521181165056,348.75504479516,46.5242099326,0.06095899999999954,7.199722,2.7952,7.208089,7.147130000000001
75764,2697317737667726976,329.50609703274,5.940288570830001,0.20527599999999868,7.201988,1.7883,7.266539999999999,7.061264
20307,67047330006295936,59.29928241571,25.282870066470004,1.2198099999999998,7.202653,11.2675,7.732261,6.512451
41524,1887808314673612416,341.9333668842,30.1295995942,0.329460000000001,7.202692,1.9442,7.311886,6.982425999999999
34617,1641181774889017088,237.53340442706,64.79972705505,0.044456999999998636,7.20352,3.4898,7.207433999999999,7.162977000000001
43230,1948303032120014592,328.74472748567,34.77319121459,0.17263300000000026,7.2035860000000005,3.6355,7.252539,7.079905999999999
71493,2209374715154675072,350.01106616464995,64.84845847577,0.39422400000000124,7.203621000000001,6.0992,7.336,6.941775999999999
28578,348721249602091904,25.51614585275,43.63998017809,0.0025959999999987105,7.2044570000000006,4.029,7.19267,7.190074000000001
97214,2003814522356697216,344.04491574474,56.45045761023001,0.1646030000000005,7.206005,5.3113,7.245480000000001,7.080877
810,117632149146971520,50.77050044560001,26.90083664722,0.22409199999999974,7.206172,2.8025,7.275992,7.0519
53452,132922438878995968,39.61357023705,30.814907743240003,0.7793950000000001,7.206759,1.0741,7.508296,6.728901
4308,195802821680006144,83.53984849214001,43.9373249951,0.031486000000000125,7.207014,1.9421,7.207261,7.175775
35305,1757256427159618944,315.66796339442004,11.65709233268,0.251837000000001,7.208734,3.0716,7.286905,7.035067999999999
12576,377771171442126976,14.56840168466,45.59703976189,0.258007000000001,7.209719000000001,2.2659,7.292683,7.034675999999999
53634,2439150655119171840,354.50228274290004,-7.942146561089999,3.5092930000000004,7.210369,126.4473,9.349,5.839707
79726,2935600530392653312,104.38288861735,-16.8893739606,0.2507880000000009,7.210936999999999,1.9552,7.290864,7.040075999999999
32979,1068949813025804672,138.82208344575,67.13855094835,0.3852310000000001,7.211314,2.8428,7.345956,6.960725
6340,4066278846098710016,272.32376307957,-23.98840294953,0.26759600000000106,7.212316,11.5304,7.279822,7.012225999999999
69287,2190088319129165824,313.49667228581,57.17550143801,0.06903700000000068,7.213067999999999,3.0702,7.225596,7.156559
34642,1646580991159966720,236.18988874995,68.68030950656001,0.21811199999999964,7.214817999999999,1.6988,7.283764,7.065652
75450,2579364707220160128,21.49282339808,10.40699457108,0.06131300000000017,7.215186999999999,1.9406,7.225291,7.163978
34541,1619175152737594624,224.66382470311,61.66693985695,0.10693399999999897,7.216852,3.6836,7.242186999999999,7.135253
33521,1153963227450553216,226.61617635682003,3.00913922704,0.5217530000000004,7.217511999999999,3.7471,7.405010000000001,6.883257
8729,38779676329655168,58.63962790127,13.77061367167,1.3274409999999994,7.218558,9.5278,7.808806,6.481365
56237,483899504089586688,74.44813994404001,67.77598257223,0.10295999999999861,7.218608000000001,4.1751,7.237303999999999,7.1343440000000005
32442,992777434159307904,98.49010058696,52.46105911024,0.327840000000001,7.219550999999999,1.7899,7.327755000000001,6.999915
1350,179794241615885440,67.85331763232,40.009030991820005,0.13851499999999994,7.219917999999999,3.7207,7.251564,7.113049
42493,132405737133481216,36.52133323306,30.90638005654,1.3813179999999994,7.220225,10.6444,7.844097,6.462779
55358,2608752625805844736,339.30889265719,-10.2699594762,3.057804999999999,7.220484,125.2848,8.989324,5.931519000000001
61057,509118727425216384,24.34531009531,58.6373897533,0.08075199999999949,7.220667999999999,7.7582,7.224263,7.143511
57693,138972467251590656,46.91551646601,36.61665362065,0.8038410000000002,7.221211999999999,1.2254,7.538257000000001,6.734416
76003,2766659778504225792,358.24996337791,11.92414028392,0.37924500000000094,7.221435,1.8489,7.35341,6.974164999999999
7626,34959010860789632,43.82346926656,16.30898318371,0.8991920000000011,7.222821000000001,0.9358,7.588135,6.688942999999999
75153,2412562574174060800,349.75900035107003,-12.17042578315,0.023933999999999678,7.223455,4.2942,7.219966,7.196032000000001
331,140803905729730688,41.04790702873,35.11489225803,-0.0485490000000004,7.224861,2.4552,7.188203,7.236752
71462,2209160069866705152,352.63410926352003,64.39232169091,0.279706,7.225017999999999,2.4966,7.307653,7.027947
10159,278676483398049152,70.20646264160999,57.87957517667,0.24846000000000057,7.225235,5.2953,7.298649,7.050189
75817,2710117805361586944,335.64292054396,6.47321749087,0.35477899999999885,7.226086,2.3753,7.345,6.990221000000001
4692,17147300447504768,50.14105579112,12.34664432434,0.6367509999999994,7.226325,1.9306,7.460425999999999,6.823675
75333,2520805233320940416,35.38333488845,7.75226256388,0.3786190000000005,7.226656,1.7152,7.356664,6.978045
19262,236157058784796288,51.33135572927,40.95326806732,-0.066889999999999,7.226837,2.5537,7.189432000000001,7.256322
42921,1942649377691259392,349.78268640602005,48.919470896140005,0.33653400000000033,7.227597999999999,2.2084,7.3173,6.980766
76029,2772246294005015296,0.6349402850399999,16.25658557994,0.09732799999999919,7.227994,3.1668,7.250253999999999,7.152926
11003,334681345108530816,37.32229176563,38.22522271192,0.31067400000000056,7.228708,4.7369,7.328636,7.017962
30770,104879154294136192,30.29293473508,24.4442984133,1.1023519999999998,7.230258999999999,9.5663,7.698463,6.5961110000000005
69304,3460744841638285696,179.42929692735,-37.65066190436,3.075874999999999,7.230313000000001,120.2164,9.011351,5.935476
75344,2529375033106462976,12.88628427044,-3.1431719639599995,0.1690510000000014,7.230339999999999,2.3698,7.278760000000001,7.109709
50382,2004537829213810304,333.34944087167,53.15417513,0.29522099999999885,7.231097999999999,2.199,7.326650999999999,7.03143
33792,1305975245477048064,247.13253424296,29.07575988314,0.15386199999999928,7.231219,3.0124,7.272450999999999,7.118589
75547,2626227370264744704,336.52850587425,-5.17792875357,0.4020190000000001,7.231260000000001,1.6251,7.369633,6.967614
79130,957709679022449792,99.66978446733,41.58148856662,0.06503999999999976,7.231488000000001,4.1398,7.185509,7.120469
3313,184497471323752064,80.64680481184,37.67599293642,0.45519099999999835,7.231733,10.8773,7.376428999999999,6.921238000000001
439,464668186732616448,42.7832258857,60.41774038202,0.606889999999999,7.231774000000001,32.2445,7.413322999999999,6.806433
24256,522372034416872832,29.296173993840004,71.72489216903001,0.17494100000000046,7.233410000000001,2.8639,7.243091000000001,7.06815
82481,1811995269954274560,307.96779804512994,16.99167458795,-0.047264999999999446,7.233866,2.4762,7.2051050000000005,7.25237
28480,339388182588332288,35.26115075053,42.94388164096,-0.003717999999999222,7.234659,2.6655,7.222135000000001,7.225853
29361,72806949867680640,36.39085823585,11.96997447113,0.6721509999999995,7.237378,1.6857,7.488461,6.8163100000000005
75431,2573306191992660224,25.64915792996,10.24445852763,0.39091000000000076,7.237935,2.4635,7.371982000000001,6.981072
41579,1892572120599249536,332.8111706873,27.73659378524,0.21071499999999777,7.238472,2.8752,7.299552999999999,7.088838000000001
63700,145293181643038336,66.57757082392,21.47026212317,0.683954,7.239102000000001,1.2981,7.498568,6.814614
28909,371538899015792896,16.944809934200002,41.513212386300005,0.05783299999999869,7.239841,2.9858,7.247903999999999,7.1900710000000005
35441,1766832383162446592,324.27735355502,11.71953993024,0.11175399999999946,7.2403,2.89,7.267389,7.155635
6469,228636025591304448,62.86234278957,40.91317616340999,0.2430059999999994,7.241319,2.7483,7.316081,7.073075
39819,1860389174752715776,306.03761169009,29.002391818640003,0.31116400000000066,7.241467,2.2872,7.344016000000001,7.032852
75738,2692605986745612032,320.84900470722,2.76618626801,0.27292000000000005,7.24223,1.7134,7.330478,7.057558
32204,976766758152208896,112.63941262101002,48.87927220092,0.24808400000000042,7.243664999999999,3.2751,7.3188,7.070716
71743,2211075419121286272,354.11869079807,67.84882156629001,0.14426300000000047,7.243946,2.0878,7.285814,7.141551
81432,1742674772670795520,323.04921895521,10.91084042099,-0.03885499999999986,7.244332000000001,6.7035,7.179937,7.218792
82587,3006892864334219520,98.0631148009,-7.407940213480001,0.3194929999999996,7.244613,2.8394,7.351887,7.032394
35701,429376234306294144,0.34008393613,60.83919674805,0.21914700000000042,7.245332,6.3464,7.302844,7.083697
34580,115802321282739072,45.87583151991,27.56942924986,1.1830919999999994,7.245424000000001,9.2093,7.755424,6.572332
68266,2179857122922397184,308.66990385851,49.17734456581,0.028238999999999237,7.245653,2.4188,7.245877,7.217638000000001
20518,249126524289405184,51.982575055290006,47.73581296834001,0.08034300000000094,7.247358,2.1587,7.26123,7.180886999999999
76416,2861838276711457280,2.04021781339,31.37898490873,0.2550959999999991,7.247595,3.3062,7.329217999999999,7.074122
136,65282716922610944,56.40755416656,24.33546030372,0.2594859999999999,7.248939,2.2807,7.236533,6.977047
61353,509466654140182400,22.46405926654,60.25125051543,0.030548000000000464,7.249232000000001,8.6366,7.236532,7.205984
19333,238224316742992512,53.03925431245,42.74929026413,0.20917200000000058,7.249953,4.6686,7.308028,7.098856
74476,2277085802281548416,312.95929231932,74.63900328041,0.1952929999999995,7.250838000000001,2.0416,7.311008999999999,7.115716
41777,1904704544217846272,340.72597193973,37.44729131024,0.2207549999999996,7.252316,1.8503,7.319233,7.098478
29654,896279479047023744,109.98241002855,33.61430709072,0.1600999999999999,7.253338999999999,2.3393,7.299353999999999,7.139253999999999
5205,205760376937845120,75.3681970527,44.39791440988,0.26934700000000067,7.253622,4.5964,7.338024000000001,7.068677
34173,89179674437626752,38.05093630748,22.00692011725,0.5191160000000004,7.253895,2.8298,7.440022,6.920906
51953,2013565953539233152,345.65576133402,59.60504451151999,0.4095830000000005,7.254447,2.9282,7.396847,6.987264
33745,1268966439999363072,223.22071888936,26.46502441064,0.13063999999999965,7.254722,2.3183,7.288775,7.158135000000001
28744,356970747906293760,27.76081269844,47.41948283646,-0.010900999999999605,7.256006,3.4360000000000004,7.237371,7.248272
37197,131528326854537472,37.04884873047,29.87331837398,1.051386,7.256013999999999,8.3927,7.586171,6.534785
82869,1820763806471758848,297.74548932778,16.857678527589997,-0.06922800000000073,7.256082000000001,3.7519,7.215172999999999,7.284401
32193,975935664800837760,113.65096182064,48.19138743138,0.16507199999999944,7.256639,2.7441,7.303722,7.13865
40644,108165903787108352,44.79356788754001,19.98973023731,0.49741199999999886,7.256880000000001,2.0272,7.433547999999999,6.936136
28938,374992155801237504,12.87565450899,41.2318608054,-0.0278470000000004,7.257594999999999,3.1787,7.235683,7.26353
73376,2229431868825458432,337.37740222566003,70.43582407758001,0.2658360000000002,7.257631,2.541,7.344386,7.07855
96645,3111444772184160512,109.65039511831,0.27861896739,0.32664900000000063,7.257661,3.7785,7.366313000000001,7.039664
89105,1869256701670871168,313.01491986196,34.65756400908,-0.1078469999999987,7.259063,8.4267,7.201346000000001,7.309193
92536,3080799768210396672,117.62749305869,-3.59773467319,0.39436999999999944,7.259188000000001,2.508,7.396342999999999,7.001973
54110,2030005301665909120,299.47702410790004,28.874269663840003,0.24558000000000035,7.259347,2.9545,7.335189,7.089608999999999
69710,2196429408842645248,316.02668881888,63.37956524549,0.49863199999999885,7.259391,2.7154,7.439133999999999,6.940502
33775,1294206932006254848,220.6649948785,36.75672291303,0.20822399999999952,7.259572,1.7795,7.323552999999999,7.115328999999999
13296,398013970783021440,20.82534053609,45.33280996425,0.029325000000000045,7.260586,3.1307,7.258071000000001,7.228746000000001
30884,105315900928755968,31.44397339568,25.144822310220004,1.2064060000000003,7.261194000000001,11.9885,7.785276,6.578869999999999
32910,1044819209287474304,134.69512685128998,66.00119394143,0.31550299999999964,7.261725999999999,2.3631,7.36521,7.049707000000001
10710,319350751402193792,26.16122012948,36.93819487494,0.2845420000000001,7.261878999999999,2.1998,7.351495,7.066953
7143,239923680680185216,46.3293762808,41.120919831,0.07136399999999998,7.263069000000001,2.4435,7.276507,7.205143
4691,21568058745758848,41.84587750265,9.30744313306,1.4543949999999999,7.263310000000001,11.3008,7.933806,6.479411
86534,3040678451475284096,117.98582401441,-9.65583341863,0.35291799999999984,7.263764,1.7527,7.371728,7.01881
76710,527239984717208704,7.56850874594,64.74897838592,0.004466999999999999,7.264322,2.6659,7.2513,7.246833
89762,1891586374065511168,331.60254982085,25.15133816404,-0.08078100000000088,7.26553,3.0789,7.223252,7.304033
2711,10584899657116672,49.36068885683,7.6557829569,0.7142339999999994,7.265664999999999,1.3029,7.539642,6.825408
75771,2698985387569609088,323.13535086604,4.8732081997600005,0.2795500000000004,7.268689999999999,1.6026,7.360198,7.080647999999999
69667,2195859896179372928,313.42257959971,61.77660556219,0.3356690000000002,7.269348,2.6151,7.381069999999999,7.045400999999999
87746,1836503384147709056,302.96110249239,26.895894555250003,-0.1233399999999989,7.269694,4.252,7.211803,7.335142999999999
78840,923063449155383936,119.64528966198,43.50388699415,-0.2502380000000004,7.270666,4.9395,7.172401,7.422639
133,64313222543810560,54.80510435416,21.84305262973,0.10514499999999938,7.27141,1.8915,7.296544,7.1913990000000005
63631,2117536735129142016,280.26455748949,44.27110015427999,0.3862980000000009,7.27145,3.1913,7.396602000000001,7.010304
76915,2897744379402852480,93.24651428469,-28.46347741045,0.020664999999999267,7.271463000000001,1.9355,7.268998,7.248333000000001
79662,2935254974503641600,105.48802922631,-17.64440760812,0.07797300000000096,7.271986999999999,2.9858,7.287349000000001,7.209376
33344,1125897471597712896,134.59411308846,78.14571241534,0.4450649999999987,7.272983,3.0463,7.429822,6.984757000000001
20773,67883749116086784,53.360518007340005,23.384203864370004,1.1962039999999998,7.273169999999999,8.046,7.791606,6.595402
33732,1260473674747416832,213.85991549384,27.73416048308,0.3249019999999989,7.273267,3.2891,7.382217999999999,7.057316
1202,176204233071472512,66.1036477163,34.31463176165,0.0893480000000011,7.27377,3.531,7.290549,7.201200999999999
27274,567276364174989824,0.67379966777,82.97319221243,0.17896900000000038,7.273910000000001,5.3915,7.323727000000001,7.144758
34401,1533634281967661312,188.94710917823,39.6836017007,-0.0388029999999997,7.274514,2.8881,7.250019,7.288822
41862,442921805235699456,50.09879178079,51.61824332614,0.02406599999999859,7.274563000000001,1.9416,7.269661999999999,7.245596000000001
41519,441500755178334336,52.46630228525,49.2133361914,0.13560599999999923,7.275786999999999,2.8469,7.309949,7.174343
5714,188925101571287168,78.30556053512,40.19350622091,0.1672489999999991,7.275827,7.8799,7.311853999999999,7.144605
34538,1617449194360081536,221.76090527347,59.71021340445,0.35333400000000026,7.275842,1.7697,7.394182000000001,7.040848
18529,5350383460949215232,161.18755218207,-59.56517546751,0.3561430000000003,7.276489999999999,22.4681,7.377549,7.021406
20587,468720093237498624,60.33775966078,56.03983428066,0.14380300000000013,7.277056,1.7876,7.318144,7.174341
77223,2918427773671030784,100.7751891703,-29.237318893609995,0.004317999999997824,7.27721,3.4719,7.267330999999999,7.263013000000001
34723,1668347546114502144,213.99882438341,64.853238813,0.3917579999999994,7.278646000000001,2.0371,7.41581,7.024052
70939,2205490789105624960,336.83611807347,63.95638918913,0.2540109999999993,7.280475,4.2549,7.360701,7.10669
95007,3105528506274728704,100.65653571001,-3.83573384609,0.03874900000000103,7.281467,2.8537,7.285292,7.246542999999999
20066,462986037016545024,47.88218818547,60.6350273414,0.241657,7.281936,3.0845,7.355433,7.113776
28792,865044179064340864,111.39704634542,20.49503853664,0.36339099999999913,7.283692999999999,2.2901,7.410779,7.047388000000001
28563,347295904574854912,24.77538297839,41.1610419333,-0.0442910000000003,7.284828,2.9149,7.258607,7.302898
76715,2890236089374244608,89.13319555559,-33.43444931853,-0.006627000000000827,7.285525999999999,2.2103,7.274025999999999,7.280653
27449,578338859898170496,136.16523140272,3.5410920488699995,0.15940899999999925,7.286453,2.1972,7.332808,7.173399000000001
88129,1851708221199293056,319.75743852479,29.743103874370004,-0.037012999999999074,7.286886999999999,2.7923,7.259077,7.296089999999999
27847,651932437322751872,125.47164355876998,13.62403850682,0.3792510000000009,7.286907000000001,2.9227,7.416094,7.036842999999999
74659,2282296490967160448,340.38877134823,77.61521685295999,0.30463799999999974,7.287794,3.6266,7.387716,7.083078
56895,2048409820627950336,293.37389699965,36.02196616695,0.4514870000000002,7.287841999999999,2.5340000000000003,7.445136,6.993649
78082,580568497680564864,138.34525295011002,5.815516038869999,-0.03835200000000061,7.287942,3.0916,7.261972999999999,7.300325
4182,194811405789498112,80.22804434743,40.88483025463,-0.0112899999999998,7.288478,2.3413,7.273563,7.284853
34841,1704953621098535808,253.18310998896,76.85270624235,0.42358900000000066,7.288502999999999,3.0305,7.436755000000001,7.013166
93033,3087115294280599552,115.7093618857,1.60954233053,0.18261600000000033,7.288508999999999,2.0132,7.344099000000001,7.1614830000000005
33672,1221217433146171264,236.02457615647003,24.460419178970003,0.26433099999999854,7.29144,4.1347,7.379780999999999,7.11545
44401,1967113477051620480,322.49908205422,41.51034606285,0.3429860000000007,7.291633999999999,2.7117,7.403334,7.060347999999999
82045,1799731076737742208,326.3383213911,26.99952964908,-0.04161499999999929,7.292539,2.7743,7.264839,7.306454
24575,65022510623526272,55.56642286051999,22.78610596163,0.5846559999999998,7.293389,1.3717,7.506605,6.921949000000001
19240,1322813613221138048,243.19016917832,33.23672899588,2.514470000000001,7.294384,121.4491,8.651632000000001,6.137162
13667,404718689611726848,14.48260423597,52.13674643917,0.12270000000000003,7.294898,2.8581,7.326828999999999,7.204128999999999
26116,536247733727147648,10.10669106018,70.70816079553,0.01841800000000049,7.295364,2.3826,7.289560000000001,7.271142
34567,1628759939195621632,248.17400240295,62.85504925711,0.41985200000000056,7.296264,1.9288,7.447533,7.027680999999999
46511,1980165229840893312,331.28077543641,51.70013764543,0.2111679999999998,7.296535,2.4509,7.326075,7.1149070000000005
10901,330419363160327936,29.693645563070003,36.60271333321,0.21376699999999893,7.29658,2.6919,7.360953999999999,7.147187
79433,991256770922313216,101.58630804864,50.380286771730006,0.017620000000001745,7.297807000000001,2.8680000000000003,7.291032,7.273411999999999
108,58353594644026240,52.20072322141,20.62404323888,-0.06691400000000058,7.298636999999999,3.1642,7.260114999999999,7.327029
297,431569519486156032,1.51407812058,63.67964981813001,0.295369,7.298713,13.834,7.380825,7.085456
4255,19248565951976064,38.05070234191,6.717251751699999,1.228928999999999,7.299231,10.4685,7.836203999999999,6.607275
33528,1156820170976483200,226.02622987567003,5.49542755161,0.4464320000000006,7.299528,1.7344,7.453533,7.007101
28626,803427959762710144,151.48233979373,39.58198920066,0.28768999999999956,7.299964999999999,2.2026,7.393489,7.105799
61331,2076308210193035776,295.93464651722,39.74246353152,0.18259599999999931,7.300847999999999,2.5489,7.356362,7.1737660000000005
32628,1001011023904917760,100.71648523641,56.69307147134,0.30377600000000093,7.301505000000001,3.9763,7.401032000000001,7.097256
81600,2966560716241173760,87.30214177640998,-19.39985626238,0.15121000000000073,7.301646000000001,3.3879,7.341711,7.190500999999999
88742,1863602836768583040,308.37662954252005,32.90768516985,-0.2153570000000018,7.302355,4.8429,7.215308999999999,7.430666
4066,18319482922049664,38.36583553922,5.70018787539,1.3360900000000004,7.303468,10.8064,7.905202,6.569112
10784,324345042452720256,33.58387394284001,30.72483926616,0.49448699999999945,7.304428,2.6523,7.479642999999999,6.985156
13099,394440283115892736,3.33585991683,49.72334072597,0.0921770000000004,7.305679,3.1033,7.32447,7.232292999999999
63471,2106150811188312192,287.54988138724,44.55997045806,0.2839450000000001,7.30595,1.9115,7.400342,7.116397
32226,978101221671268224,108.46923883769,48.498847770690006,0.11161800000000177,7.306102,2.7910000000000004,7.331146,7.219527999999999
64296,2138971130198788224,295.06741701476,55.79429857241,0.30834899999999976,7.307882000000001,1.9353,7.415159,7.10681
12600,379121818395584128,7.85457014785,38.98055938464,0.15528600000000026,7.308300999999999,5.003,7.349921000000001,7.194635000000001
54838,135240656067480448,45.07120283221,31.124779472920004,0.598736999999999,7.308622,2.3523,7.527975,6.929238000000001
72614,2219036914097095424,335.24081285568,66.96528862583,0.32268600000000003,7.308997,2.0632,7.416552,7.093866
63530,2109750092561931264,274.45163416611,40.30356446903,0.047867000000000104,7.309692,2.4928,7.316795,7.268928
35475,1771113056807823104,321.67136185567995,13.68822193728,0.13802700000000012,7.310316999999999,2.4445,7.347258,7.209231
89737,1887058585182652672,340.74157938892995,27.98858083515,-0.05953300000000006,7.311088000000001,2.7101,7.276159,7.335692
78784,2931113079842171648,107.55151301023,-19.19820827667,0.3740810000000012,7.311225,1.7012,7.437849000000001,7.063768
17,4645750160709248,42.83664951333,3.05678874313,0.4678109999999993,7.312822,3.8599,7.478857,7.011046
26930,556251973400327040,69.43114259279,78.98641349287,0.39552300000000074,7.313557,2.9309,7.448371000000001,7.052848
68877,2184766167455905664,303.40113338971,53.659213969990006,0.03414199999999923,7.315696000000001,2.7042,7.318297999999999,7.284155999999999
16653,59048829588938240,47.67904570387,18.74334961222,1.2862979999999995,7.317130000000001,15.9203,7.886151,6.599853
21031,251516656409450880,56.91716498773,51.528711853100006,0.23207100000000036,7.317203,2.7395,7.385227,7.153156
29912,410831080909479680,20.26819021261,54.62864375413,-0.0031639999999999446,7.317241,3.7614,7.29811,7.301274
32801,1016838321987977856,134.29893253964,50.74156863176,0.058553999999999995,7.318635,1.9417,7.329059,7.270505
55988,474840455990892160,60.72977582274,62.421310121480005,0.46617399999999964,7.319846000000001,8.9739,7.388633,6.922459
56487,2046411149010239232,291.97124286839,33.3738700627,0.353904,7.319945,3.4065,7.435726,7.081822
81221,1673270094032128768,215.28176418223,67.80293975178999,0.11898600000000048,7.320415,1.7669,7.321535000000001,7.202549
49446,461536090419421056,45.22410337103,59.66588109239,0.018078000000001815,7.32045,2.9297,7.309432000000001,7.291353999999999
33716,1249265734250293376,205.16993729608,20.01376104653,0.34122399999999864,7.320928,1.7257,7.432703999999999,7.091480000000001
89771,1892761305319231360,330.29772924274,26.83020003817,-0.02726000000000095,7.321495,3.4631,7.292213999999999,7.319474
89053,1868710381826488704,318.52276011544,37.781570490300005,-0.2751859999999997,7.322047,7.0945,7.211272,7.486458
42418,1933086100427599616,342.41170186942,42.6309929048,0.2142160000000004,7.325024000000001,3.3126,7.388669999999999,7.174453999999999
83128,3023280397948137088,86.13193243865999,-4.695773034669999,0.12938600000000022,7.326458000000001,4.5368,7.3594,7.230014
15909,48203487411427456,65.05456696075,19.233321027770003,0.713025,7.326902,1.2444,7.596991,6.883966
75310,2511126198101765376,27.25150122079,1.33151431224,0.33162999999999787,7.327215,1.6591,7.437311999999999,7.105682000000001
34573,1631075441963073408,259.72810285357,63.722746827840005,0.07722999999999924,7.327945,3.3582,7.346980999999999,7.269750999999999
76221,2825331917986003456,350.16698755725,19.84075268606,0.19950399999999924,7.328709,1.9413,7.388667,7.189163000000001
34333,1481038902736093952,215.21116401851,36.39238704776,0.24380300000000066,7.329186,2.0672,7.40839,7.164586999999999
71093,2206512652025163904,334.88133023891004,64.78832533604,0.40003299999999964,7.330527,1.5947,7.467611,7.067578
29393,403194697774532992,18.64934633801,49.42960690068,0.005454000000000292,7.330605,3.0459,7.319622,7.314168
8257,252366441456285952,68.51882186078,43.08728708484,0.3685330000000002,7.331086999999999,3.1468,7.452097,7.083564
64568,2154254685419240064,278.60944451881,57.80179591646999,0.27017699999999767,7.331428,2.5105,7.412911999999999,7.142735000000001
26952,557484182337228544,69.22009985215999,80.88204733463,0.3497159999999999,7.3317,2.7752,7.449522,7.099806
13562,803925724992902400,154.69361549306998,39.3114670641,2.7098379999999995,7.331732000000001,56.2419,8.82911,6.1192720000000005
312,53954070664670848,62.4319895488,24.07283524746,0.2796909999999997,7.332106,1.7748,7.422147,7.142456
28664,818089328840449664,142.65928710792,44.76928251848,0.2378179999999981,7.332974,2.2077,7.404339999999999,7.1665220000000005
28692,829175189191736832,158.11889449394,44.18169704192,0.27962799999999977,7.333589999999999,1.9023,7.423503999999999,7.143876
75800,2706140047170023936,340.58842606851005,5.17371402266,0.28777099999999933,7.333651,2.471,7.426403,7.138632
10207,279517815951621248,75.43182841044,55.574904619890006,0.40642700000000076,7.333667999999999,3.7218,7.472802000000001,7.066375
43535,450997993017723392,39.40055213075,50.23736791307,0.0022460000000013025,7.333767,3.3319,7.317125,7.314878999999999
81919,2994671792587253376,92.31328569788,-13.22081205821,0.3727760000000009,7.333791000000001,2.1352,7.461530000000001,7.088754
94465,243285849800883456,55.95093365016999,42.60221282004,0.7711309999999996,7.335686,1.3576,7.632859,6.861728
40516,1867761606365900288,319.16544998195,36.32107081398,0.3220630000000009,7.335733999999999,1.7469,7.443574000000001,7.121511
84183,1824762279281819008,297.18436826794,19.66104721715,0.253501,7.335752999999999,30.2247,7.404733,7.151232
38268,134040917082923776,38.0644183317,32.09866819505,1.089009,7.335819,7.7518,7.793672,6.704663
81766,2988010126514014848,76.15802437323,-12.92812528618,0.33434599999999914,7.336049000000001,2.5288,7.445684,7.111338000000001
59463,2065637690356844800,314.35424663755003,41.689593450740006,0.17322300000000013,7.336271000000001,3.9609,7.387268,7.214045
17019,432336806794345216,0.66030445901,66.10037214449001,0.1323679999999987,7.336741,3.4196,7.368380999999999,7.236013000000001
81758,2987132063399921792,74.6512114618,-14.78402527552,0.33339199999999813,7.337033,2.6142,7.451055999999999,7.117664
7216,241065729664286208,50.55052543779,42.82190654258,0.2603009999999992,7.337314,2.0951,7.421117999999999,7.160817
74644,2282006013737878400,349.05777123,78.1504190844,0.37535200000000124,7.337472999999999,1.8772,7.464081,7.088728999999999
41206,129334595002167552,42.77821408259,30.50987947545,1.3341239999999983,7.337567999999999,10.7515,7.934069999999999,6.599946000000001
78069,577433308992926080,135.49491313683998,2.67120799443,0.07409799999999933,7.340258,2.9914,7.189431,7.115333000000001
32839,1027181324790768640,127.08577069996,49.68712668667,0.46541999999999994,7.340727,2.2205,7.502928,7.037508
23530,256831626896300800,66.37138576096999,46.143695516170006,0.42461599999999944,7.342369000000001,10.0271,7.481068,7.056452
27963,661271208050524544,129.98521198045,19.55294022238,0.2612399999999999,7.343161,2.0567,7.380843,7.119603
33007,1076749778575957632,154.46326253432,71.05599201311999,0.35383300000000073,7.343283,2.1553,7.465476,7.111642999999999
90863,1965311892891099264,320.82311587488,39.34963190071,-0.03956699999999991,7.343298,1.8482,7.318097,7.357664
75279,2497188926147113856,39.11050269463,-0.64033350394,0.3440020000000006,7.344169,1.9255,7.461499000000001,7.117497
35612,1786447704962231680,325.87409189071,19.63513613957,0.4404090000000007,7.344725,1.9035,7.496832,7.056423
42560,113035400268766848,41.87629975217,23.63674478455,0.592289000000001,7.345808,1.6859,7.566957,6.974667999999999
28500,340663066320950144,40.15393238074,44.09117679593,-0.1134429999999993,7.345901,3.0804,7.294658,7.408100999999999
29502,890083116844944640,108.37876850636,32.14533869512,0.3805070000000006,7.346228,3.1985,7.478138,7.097631
33807,1309162351728765824,256.40653684108,29.6232445957,0.21435300000000002,7.346350999999999,2.4177,7.412078,7.197725
23854,518976364556559872,29.8125370612,67.04342925809,0.21958199999999906,7.346845,1.6446,7.415242999999999,7.195661
20770,471315490429624960,69.38509974269,60.09034757553,0.02783999999999942,7.347632000000001,2.3662,7.345778999999999,7.317939
43244,134144099377365760,38.52199529301,32.4519451674,1.2567880000000002,7.347825,11.1073,7.899632,6.642844
77103,2912301123082037120,94.81364002443,-24.97489288291,0.08032099999999787,7.347980000000001,3.0598,7.329175999999999,7.248855000000001
75831,2712769174572542848,341.87059553051,7.708623011569999,0.3863690000000002,7.348275,2.7902,7.4792,7.092830999999999
9445,43802039287826432,57.59622684277,17.47525244158,0.812511999999999,7.3485,1.4148,7.669333,6.856821000000001
28382,328529886789153664,36.31570886451,37.11885524907,-0.03731200000000179,7.349222999999999,1.8834,7.325264999999999,7.362577000000001
66127,2167218133679438080,313.35648891232,48.26752465045,0.2898619999999985,7.35101,1.6376,7.446855999999999,7.156994
7018,26147868272907648,38.51600259043,12.1807026831,0.7977159999999985,7.351462,1.2955,7.667242999999999,6.869527000000001
82382,3003424042585929856,98.24685828054,-8.964102740269999,0.10450400000000037,7.352336,2.736,7.376728,7.272224
10666,314853886283092864,17.30614600817,33.94145898471,0.17005200000000098,7.352344,2.4801,7.400706,7.230653999999999
10635,310085338713011072,18.5870373987,30.541969892190004,0.002230999999999206,7.352424000000001,2.8115,7.341553999999999,7.339322999999999
26722,547980244346040064,49.98718119097,75.23739290789001,0.05211400000000044,7.352586,1.9303,7.360786,7.308672
423,65231486552803328,56.61376023966,24.25480032904,0.1343640000000006,7.352819,1.834,7.391202000000001,7.256838
34059,1365693978293845504,263.25975148227,49.34521259545,0.03932199999999941,7.353339999999999,2.6611,7.353663,7.314341000000001
32889,1040075572527709952,138.19143706395,61.67577799124,0.1469580000000006,7.353749,2.0876,7.394601,7.247642999999999
25135,82150634040316032,40.51007975416,17.75672062016,1.2227820000000005,7.354914999999999,9.5548,7.887149000000001,6.664367
6238,23128437544373120,38.55487942042,8.98873684957,0.5562269999999998,7.35514,2.9123,7.544972,6.988745
14779,924242091261045248,116.38226846652,42.10069742455,2.9902930000000003,7.355411,117.7609,9.074764,6.084471
89685,1876202041728660096,340.35714170007003,23.84651124028,-0.19262600000000063,7.355538,7.0785,7.276192999999999,7.468819
43569,134800091210618240,40.07343727394,34.58431503205,1.0765299999999982,7.358024,4.046,7.811236999999999,6.734707000000001
92653,1978555647899068544,322.57884739359,48.39075739512,-0.023547999999999902,7.358138,3.4822,7.338201,7.361749
63715,2124974244094442240,270.56988290117994,51.63867989967,0.4257539999999995,7.358513999999999,2.0187,7.506011,7.0802570000000005
7038,32215523190918784,43.48751894605,14.21884525165,1.2073460000000011,7.359184,10.2492,7.881694,6.674347999999999
54931,2033470614395106560,297.61110201141,30.76621592176,0.009041999999999994,7.359656,3.7732,7.349636,7.340594
38974,1843279880456993408,311.6858397376,24.46258723507,0.25538300000000014,7.360286,2.2376,7.442157000000001,7.186774000000001
10661,314433975920517504,14.77733180764,32.45576681518,0.26085599999999953,7.361605,3.0527,7.427933,7.167077000000001
20933,57279955899283072,54.10187349554,20.06739243795,0.6519799999999991,7.361785,2.5467,7.605026,6.9530460000000005
69988,2199041092551681664,329.89413231674,56.88791115698001,0.35993299999999984,7.362483,2.7043,7.481694,7.121761
10401,285049218431779584,75.83152976049,60.42187041605,0.36638000000000037,7.362750999999999,2.6524,7.487194000000001,7.120814
75836,2715270426086965504,346.35780348568,10.44758072601,0.32491499999999984,7.362953999999999,3.5559,7.468885,7.14397
29435,405104407735186560,15.66532400606,52.85088618483,0.11436599999999864,7.362997,5.8098,7.386217999999999,7.271852
41470,1881436644790036864,336.26127915732,26.61095243322,0.30091999999999963,7.36315,1.9909,7.462027,7.161107
92124,3065964676288780288,125.21975296584,-4.866052057569999,0.1992459999999987,7.363405999999999,2.6638,7.422689999999999,7.223444000000001
33622,1201115440011542016,245.76900586799,19.50603907129,0.2499159999999998,7.363817999999999,2.1803,7.443883,7.193967
6342,225958920934802816,63.52905849124001,38.46933089823,0.4282400000000006,7.363946,2.6257,7.511849000000001,7.083609
29921,410940619754768128,19.45988714522,55.44538220155,-0.18942100000000028,7.365197,6.4032,7.279729,7.46915
37289,430360915687082880,7.673449948169999,62.35399129112,-0.029783000000000115,7.365454,4.3945,7.336705,7.366488
14538,53117685914406912,61.33263791735,22.05735260656,1.6918599999999993,7.365543,21.9899,8.174717,6.482857
25829,84972290114775168,40.754338507590006,20.23053424898,1.253247,7.365981,11.402,7.910572999999999,6.657325999999999
28474,717553284131988096,129.86391076402,35.51978819559,0.06971499999999953,7.366061999999999,2.4885,7.380383999999999,7.310669
9181,40146060045654912,60.18541919618,15.475096472189998,1.1908369999999993,7.366102000000001,6.0528,7.877833,6.686996000000001
20530,249282105184992384,53.55416946627,48.61735615622,0.04314100000000032,7.366184,1.9736,7.367008,7.323867
75396,2559714853883842432,21.22744746183,3.34935242499,0.08448800000000034,7.367210000000001,1.6866,7.386819,7.302331
88557,1861690927796481024,306.7421891394,30.36964762197,-0.002052000000001719,7.367861,3.0974,7.355386999999999,7.357439
78019,212436783339494784,83.41739074321,48.27771784907001,1.0561230000000004,7.368897,7.9732,7.806249,6.750126
28369,692727892125501696,132.69178739293002,26.82676044971,0.4287660000000004,7.370081,2.4341,7.517907000000001,7.089141000000001
31396,80756075338996992,34.439335435290005,18.45510629246,0.4293589999999998,7.370374000000001,1.9895,7.517525,7.088166
28655,814547114693212800,141.88204168679,42.76420860682,0.38824099999999806,7.371652,2.4872,7.499347999999999,7.1111070000000005
35607,1786089607768856064,322.52846911345,18.57846718103,0.36265899999999984,7.372155,3.0646,7.493425,7.130766
92355,1977433218321546880,323.06148779624,46.25725802092,-0.04868899999999954,7.373581,3.2461,7.3436,7.392289
20368,56092345901034880,49.58287502225,18.17116172746,0.7894290000000002,7.3742,1.3730000000000002,7.684308000000001,6.894879
78347,683827276778595456,121.40422872354,27.530649339890005,0.04066100000000006,7.374316,3.0246,7.362013,7.321352
52551,131470396335666176,37.19122999901,29.68699386342,0.7033249999999995,7.375986999999999,1.9721,7.645314,6.941989
47843,1990318493859331072,342.7659137809,52.268195085150005,0.3547279999999997,7.376485000000001,1.6952,7.495394,7.140666
43517,134710657104044672,39.96103837774,33.94913433419,1.2078279999999992,7.376695,13.0587,7.901062,6.693234
41302,1872888629096067328,313.05932970482,39.50135063554001,0.1369579999999999,7.377395,4.7784,7.411132,7.274174
30080,936857578442603776,101.29166803465,30.8258749834,0.30187599999999915,7.377575,1.9083,7.480878,7.1790020000000005
33402,1136473536506575360,111.7399034537,75.61215090183,0.08002500000000001,7.378007000000001,2.8572,7.395264999999999,7.315239999999999
34529,1614257105945926656,226.07327300696,59.5350531889,0.23575999999999908,7.378047,1.7497,7.452792,7.217032000000001
29935,922942812113969408,120.98919279508002,43.83943024643,0.3972189999999989,7.379121,3.1974,7.515430999999999,7.118212
27682,611181444018632960,135.43181390241,17.08100653923,-0.01670999999999978,7.38018,2.3902,7.364089,7.380799
64588,146677879098433152,69.71422712831,23.14973232448,0.7309059999999992,7.380727999999999,1.1681,7.661928,6.9310220000000005
12153,663084367148495104,128.34603530888,20.39002352992,2.783499,7.38095,126.9876,8.939914,6.156415
76039,2776881968170963968,13.120354507419998,13.64871139943,0.06586600000000065,7.383094,1.8167,7.394984,7.329117999999999
19476,242329240326760832,50.3741464016,45.3870499171,0.11568499999999915,7.383224,5.3677,7.40562,7.289935000000001
91079,1968604174305784448,317.84138383718,41.18512501766,-0.18072400000000055,7.383224,5.2741,7.305428,7.486152000000001
77229,2918595071237736192,102.15525376154,-28.21548114621,-0.02877200000000002,7.38345,2.5645,7.360931,7.389703
14707,205108813221070208,74.8385329001,43.32336930289001,0.004608000000001056,7.383863000000001,10.0664,7.364653,7.360044999999999
112,59257942957000064,49.94904499188,19.07621205667,-0.04072600000000026,7.384330999999999,2.4991,7.352529,7.393255
52718,131731289828969216,35.20674786875,28.73611830546,0.4838949999999995,7.38519,1.8906,7.554844999999999,7.07095
1028,133707455824439296,40.10916000725,32.32043123701,0.26171900000000026,7.38563,2.1658,7.466642,7.204923
35170,1751465058897957120,311.93844802443,10.46512443255,0.3620479999999988,7.385652,2.0624,7.508069,7.146021000000001
33329,1124281017705849728,140.50658878219,74.91268449565,0.35165199999999963,7.387186,1.9607,7.507314,7.155662
78477,789197255643448448,172.62439293917,48.93565535061,-0.07769099999999973,7.387505,2.1782,7.349131,7.426822
15386,47275259079451008,61.65592014143001,19.15320228695,0.5278089999999995,7.388563,1.5766,7.575319,7.047510000000001
44046,116155608110060928,44.96333289024,27.3013692398,0.5981529999999999,7.388624,2.1761,7.606273,7.00812
81573,2962830966642644608,78.51891518152,-21.64987275947,0.27219300000000146,7.39003,2.3704,7.477727000000001,7.205533999999999
35693,118372360990822144,50.15944876933,26.9273612156,1.3675510000000006,7.390200999999999,9.2568,8.005644,6.638093
36613,1817392669456206208,310.46535769883,20.71378825352,0.34359499999999965,7.391127,1.9743,7.506067999999999,7.162472999999999
75047,2332111102210990848,351.88919776802004,-27.27811646524,0.3823950000000007,7.391242,2.0211,7.521982,7.139587
63616,2116259514933317760,271.66175975115004,46.2732619779,0.47546,7.391944,3.2689,7.56093,7.08547
79272,963282721210715008,92.07902889639,45.55432721216,0.2239539999999991,7.392129,2.8304,7.46145,7.237496000000001
5296,24570756281835392,35.80850831899,10.83679877143,1.0962099999999992,7.392424,4.7392,7.856097999999999,6.759888
27250,565969079210062592,27.81078888512,81.37458291813,0.1965450000000004,7.392653,5.1517,7.449578999999999,7.253033999999999
32502,995578027714106112,95.20801927486,52.14825870546,0.30450099999999924,7.392939,2.1565,7.49208,7.187579
94934,1992071772526282752,346.63407364269,51.07718183887,-0.16979699999999998,7.393478,4.4554,7.318617,7.488414
66674,2170813364913380224,321.04239277393,48.81946633874001,0.17534200000000055,7.394472,1.8555,7.446743,7.271400999999999
700,158401834147095680,72.09479374118,29.77289298231,0.06679400000000069,7.3954,1.8381,7.405996000000001,7.339202
27984,662691605274640896,127.75179345213002,18.96836919099,0.3262419999999997,7.395639999999999,1.6054,7.503089,7.176847
42061,131350171610954240,39.0105976147,29.87444191101,1.5833899999999987,7.396466999999999,21.1967,8.140547999999999,6.557158
89750,1889487406366184320,343.68672951718,31.47870644629,-0.019894999999999996,7.396869000000001,2.4002,7.378466,7.398361
45782,1976341781228277248,328.6748774399,48.1985604177,0.37724199999999897,7.397532000000001,2.5651,7.526480999999999,7.149239
417,151905300975013120,69.28766950691,27.9256888962,0.33639000000000063,7.397974,2.9455,7.504746000000001,7.168356
34102,1384428836092043392,239.60687511886,43.21366916405,0.2277629999999995,7.398692,2.3898,7.468853999999999,7.241091
79495,1001029475084341504,100.19733797525,56.88369943752,0.0763820000000015,7.398721000000001,3.8894,7.4057,7.329317999999999
32691,1005264789578542848,95.52000403337,60.77777436107,0.28202199999999866,7.398984,1.6853,7.489244999999999,7.207223
34597,1636861175227679232,252.97918224504,67.91506765588001,0.1351709999999997,7.400041000000001,1.9078,7.438749,7.303578
15252,64085383120724864,58.024319022780006,22.67012330366,0.8604719999999997,7.400138,0.911,7.744447,6.883975
2684,2059046010782859392,301.84867178462,35.71826908335,0.213978,7.400867999999999,20.8567,7.273872,7.059894
18354,5337854590344636928,167.10224757703998,-59.41260030534001,0.7572219999999996,7.401114999999999,50.8624,7.677147,6.919925
77033,2906476460231651328,80.18541415652,-29.206015835020004,0.06445200000000018,7.401853,2.0008,7.413638000000001,7.349186
75029,2311498901323220736,355.7799550318,-36.78494570834,0.36224100000000004,7.402549,2.7018,7.524563000000001,7.1623220000000005
64019,2132528232577835392,288.60989085694,48.71912505829,0.05073900000000009,7.402603999999999,3.0391,7.410389,7.35965
52026,466016256705402880,40.00496195377001,62.60189812591,0.08999800000000224,7.403772999999999,2.2522,7.424321000000001,7.334322999999999
75013,2304904580335634944,314.34439001109,87.03274331416,0.14718399999999932,7.403774,1.9495,7.447255,7.300071000000001
34119,1392655725688451072,229.32827279809,42.56597358157,0.4783919999999995,7.404389999999999,2.4714,7.574119,7.095727
6518,229527523363664768,64.62893309094,43.72693035842,0.28999799999999887,7.404803,2.5823,7.499786999999999,7.209789
53898,133751986045273728,40.672900869,32.90127824001,0.486472,7.404864999999999,3.253,7.575747,7.089275
75361,2540269475350780544,5.99935278758,-3.47531691462,0.1121950000000016,7.405345,1.8937,7.431635000000001,7.319439999999999
19043,65005880510573696,56.90428209464001,23.60885223829,1.4117199999999999,7.406279,10.2465,8.046225,6.634505
89684,1875764985856848512,340.45694088297995,22.38943448369,0.15931600000000046,7.406513,2.909,7.444289,7.284973
68292,161743593580224512,74.21550626728,33.9771012228,1.377744999999999,7.407203,11.1326,8.022416,6.644671000000001
12697,384278459211143680,0.93560865843,42.02356596046,0.3453570000000008,7.407222,2.3413,7.521947,7.176589999999999
87888,1839380943503207552,315.59072760468,23.32423664802,0.02579099999999901,7.407286999999999,3.177,7.402617999999999,7.376827
56019,2042073438190050688,284.81177354526,31.68160167639001,0.35304799999999936,7.407716000000001,4.9087,7.527228,7.174180000000001
33865,1331532877866799744,249.78726383403,38.34497028951,0.17738699999999952,7.407752,2.0525,7.455346,7.277959
49,250246270117248,45.79434455067,1.36809155463,1.3206410000000002,7.408689,10.6608,7.998585,6.677944
7311,27157219947182592,45.02207306331,10.65567452846,0.6001589999999997,7.408711999999999,1.8474,7.630395,7.030236
451,66565503396622848,57.6170141544,24.49538542226,0.20808699999999902,7.409323,2.4674,7.469169,7.261082000000001
90775,3058219200992237824,110.50757024415,-5.570722798869999,0.002330999999999861,7.409727,3.8722,7.397016000000001,7.394685000000001
53916,2028671624097652736,297.32996709489,28.5790780191,0.17065100000000122,7.410272999999999,2.1259,7.451757000000001,7.281105999999999
43446,1952822712106252928,325.73401484638,37.90499460477,0.28873500000000174,7.410452999999999,2.7596,7.505925,7.217189999999999
77529,2921971843248507136,103.45741582723,-24.22987318035,0.26796300000000084,7.411444,3.744,7.497474,7.229511
73106,2225859933504206080,343.85435071422006,70.29728995714001,0.41225499999999915,7.411836999999999,1.6052,7.55324,7.140985000000001
99407,3127907416190277504,104.9197973997,3.36502750806,0.375903000000001,7.412250999999999,2.0837,7.539757000000001,7.163854
2399,11330849576988544,53.01678666643,7.566289791719999,1.124103999999999,7.412725999999999,8.487,7.888959,6.764855000000001
36358,129321160344480512,42.76851702843,30.28659354133,0.7621149999999997,7.414439999999999,1.3254,7.708578,6.9464630000000005
53559,467791452590073600,42.49227680976,64.6307743568,0.505795,7.414685,5.6931,7.587705000000001,7.081910000000001
220,339061352757048576,35.72621433394,41.47989201602,-0.3383009999999995,7.414717,5.9749,7.283083,7.621384
33729,1258551316104415744,209.77193168093,25.81597415135,0.24146100000000015,7.41558,2.5013,7.489472,7.248011
90624,1960890550475173632,329.54648497206,43.23875685523,-0.049462000000001005,7.416097,4.6136,7.382842999999999,7.432305
17,8336913774261504,43.58747636305,7.68014857529,0.10233899999999885,7.417686,3.1485,7.435392999999999,7.333054
9,3793113252920320,45.666258990790006,5.18814890055,-0.002321999999998603,7.418385000000001,2.354,7.405982000000001,7.408303999999999
75259,2484630751011363456,23.77661312751,-2.33533246721,0.21257700000000046,7.418692,2.1266,7.484605,7.272028
34152,1406565475492855808,246.71413601031003,44.95439008599,0.014559999999999462,7.418900999999999,2.4586,7.41358,7.39902
20614,5876804064701201792,230.58363528655,-59.1472167364,1.3542389999999997,7.420864,59.9433,8.007784,6.653544999999999
10178,278914871261809920,72.05137199431,59.24101727429,0.4119899999999985,7.422397999999999,1.8312,7.565450999999999,7.153461
63667,2121015177601518208,276.86467940116,49.81889006136,0.36927299999999885,7.422417999999999,2.0868,7.548233,7.178960000000001
88111,1850874241630191872,323.75814934878,31.783867059540004,0.10202100000000058,7.422667999999999,3.9313,7.442674,7.340653
96984,2003308506490558848,339.19836521038,54.42336037198,-0.08426000000000045,7.422778,2.2179,7.381373,7.465633
74306,2271371434195117824,312.12370323132006,69.65796023625,0.1812560000000003,7.423197999999999,1.9145,7.475678,7.294422
81567,2961835633741006976,80.90897073848001,-22.30825289844,0.21456799999999898,7.423377,2.0451,7.491233999999999,7.276666
35557,1780646853412446848,329.44821535742,19.87803390662,0.3448359999999999,7.423985000000001,2.7919,7.540686,7.19585
76707,2889704441142345984,91.3683279355,-33.50188510835,0.028198999999999863,7.424424,3.4287,7.421169,7.39297
33564,1175673256339448960,216.69749818536,8.381743321610001,0.02383500000000005,7.424881,3.5937,7.420524,7.396689
580,79845679711336832,35.74843868742,17.597876817270002,0.2530980000000014,7.424942,2.2071,7.504510000000001,7.251411999999999
34639,427962227988993024,6.91885112339,58.55391460813001,0.10602199999999762,7.425249000000001,5.0039,7.441778999999999,7.335757000000001
44036,144786577364287104,69.05823675251,21.53635776636,0.8324489999999996,7.425414,1.006,7.754643,6.922194
487,155104742373235584,72.71673200394,28.31400405583,0.5380249999999993,7.426310000000001,3.8284,7.613258999999999,7.075234
54643,2032412235719596928,294.37467832503,29.61517039961,0.168639999999999,7.4269,2.0178,7.475872,7.307232000000001
77033,162480953568960256,61.51871179295,26.211661534710004,0.6821770000000003,7.426944000000001,1.3183,7.681241,6.999064
28475,718304078775675392,132.25139053513,38.34526945542,0.018689000000000178,7.428014999999999,2.8172,7.424500999999999,7.405811999999999
27433,576702683516956416,135.2757033482,1.28015072813,0.0848500000000012,7.428108,2.0372,7.447259,7.362408999999999
62739,2087473922569567744,302.2101183642,48.91101952576,0.4944419999999994,7.428271,4.2833,7.601222999999999,7.106781
37318,121384644893481728,53.13377114514,31.647854130990005,1.2875630000000005,7.429357,13.6585,7.998616,6.711053
28732,849023573091880192,159.07623605594,52.10949817618,0.17711400000000221,7.430563999999999,3.1866,7.481657000000001,7.304542999999999
28962,376828134062715392,17.04404505176,44.79610127627,-0.06397100000000044,7.43118,7.3424,7.392981,7.456952
34927,1723762141881488384,235.86337410428,82.94725307739,0.26362800000000153,7.431952000000001,2.1669,7.519082000000001,7.255453999999999
33590,112862158467623680,42.72352744265,23.7410897049,1.3060370000000017,7.432952999999999,11.9164,8.011235000000001,6.705197999999999
7556,192635403557476992,85.82152305299,41.12286102171,0.07548999999999939,7.433039,5.7859,7.441895,7.366405
82,454514914751488,44.85764269673,1.6511254833899998,1.3269770000000012,7.433594999999999,8.7889,8.027658,6.700680999999999
57553,2055211090317636864,302.26380853971,33.18679152112,0.3478259999999995,7.433842999999999,2.2326,7.551086,7.20326
75603,2650319525454959488,342.67687045148,-0.5777628250600001,0.2687470000000003,7.434461,2.0189,7.522247999999999,7.253500999999999
55623,473714075048014976,62.10088308913,60.87666519341,0.16019399999999884,7.436101,5.9379,7.474953999999999,7.314760000000001
49580,462168034727185280,49.24892437099,60.06748620965,0.1937199999999999,7.436621000000001,6.811,7.485531,7.291811
77670,537968950457882240,2.1842367027700003,74.21486533235,-0.03195400000000159,7.436755000000001,2.1373,7.415561999999999,7.447516
2787,12790176385109376,51.19291146778,9.80772749244,1.3268750000000002,7.437069999999999,11.4125,8.027367,6.700492
33607,1195653478560587520,232.95195606416,16.23443476562,0.2485280000000012,7.437253999999999,1.6567,7.518382000000001,7.269854
9561,197782595443167488,89.8867514386,46.53474958478,-0.09892599999999963,7.437564999999999,5.6154,7.386132000000001,7.485058
1861,2012702493318874240,358.55464669019,61.60606414402,0.7325880000000007,7.43894,39.2303,7.704396000000001,6.971808
26792,550096765572560640,64.86990088365,74.63586419754,0.15392099999999864,7.439239,1.8888,7.483366999999999,7.329446000000001
69732,2196984421696494848,310.66553252612005,63.21303238885,0.15205300000000044,7.440008,1.8703,7.483939,7.331886
87283,1833383726078712320,300.18094936753,23.79887055501,-0.1801889999999986,7.440774,3.131,7.362896000000001,7.543085
91520,1971786985595116672,318.8981692232,44.95454283607,-0.07777400000000068,7.441667,2.9478,7.403014,7.480788
46108,458336271069261312,34.23989187806,56.718793600290006,0.2876800000000008,7.442031,33.548,7.523778,7.236097999999999
41515,1886648089387929856,346.98022289224,31.45871858314,0.16301000000000077,7.443091000000001,1.6645,7.491453,7.328442999999999
75018,2305428806863962112,330.81065651718995,88.07312209999,0.1371020000000005,7.443254,1.8901,7.481502000000001,7.3444
41593,1893778937689680000,334.78062589748,27.68176271511,0.35374199999999956,7.443447,4.2456,7.560066,7.206324
42815,133223430187185280,38.49762490356,31.406375293440004,1.1860600000000003,7.443991,10.0413,7.956949000000001,6.770889
20371,248229528957381248,54.56507039499,47.57685862113,0.019675999999999583,7.445139,1.8557,7.43866,7.418984
34618,1641408480442167552,233.80860422236,65.2778924839,0.12924899999999973,7.445765,1.6815,7.481735,7.352486
64009,2132185597266187776,284.75386851712,49.31942129443,0.13062600000000035,7.44652,3.2948,7.483646,7.35302
56875,138009810462247296,49.00650387206,35.04495774956,0.6743830000000006,7.447114999999999,1.4094,7.700057000000001,7.025674
76910,528177180938418432,2.96036011803,66.12633973295999,0.05059800000000081,7.447258000000001,3.6951,7.377246,7.326648
29857,911524624377439616,129.48412033872,39.64477740387,0.2265479999999993,7.447710000000001,3.4265,7.515222,7.288674
19614,458696258044275968,34.39116696332,58.01976235591,0.30601699999999976,7.447775,1.7444,7.549923,7.243906
80437,1336576234626200064,260.11630823739,35.370970517409994,-0.04412199999999977,7.4478,2.5987,7.421373,7.465495
87583,1835235028768062208,303.62714456058,24.844724545970003,-0.04911000000000065,7.448064,5.8206,7.414581,7.463691000000001
35146,1749590322853894144,309.26642087079,8.977846660720001,0.2934550000000007,7.448388,3.2992,7.545088000000001,7.251633
44220,454703106689559296,40.2821640262,56.27005179894,0.011983999999999995,7.448491000000001,3.3297,7.429373,7.417389
10700,318404174969644800,26.335187541210004,35.71245279422,0.405098999999999,7.448666999999999,1.934,7.588114999999999,7.183016
62024,2082200974042507392,300.4448947633,45.47671441565,0.42276000000000113,7.449605,2.1023,7.597394,7.174633999999999
41720,1901316467853375616,338.92690017734,32.78907461714,0.10165800000000047,7.449761,1.8368,7.475749,7.374091
35051,125578697638651008,50.86880936205999,33.331673376679994,0.8612529999999996,7.44977,2.8026,7.792755,6.931502
35773,1798297794609957376,322.17662648596,24.67021590253,0.2968820000000001,7.451377000000001,2.0701,7.54524,7.248358
75128,2398020605183570688,342.48332216165,-20.28516178234,0.1781619999999995,7.451503999999999,1.9296,7.505356,7.327194
34164,1408833561822764160,252.27249335594,48.235653339630005,0.2887220000000008,7.45202,1.6526,7.546880000000001,7.258158
37992,1829120850754671872,304.65006796233,21.52079444197,0.39039799999999936,7.452697,1.8403,7.586092999999999,7.195695
33940,1345289108362096896,268.23642341593995,42.21245180462,0.2638879999999997,7.452891999999999,2.143,7.530823,7.266935
27327,569752567440409344,65.22514630899,81.97762011382,0.07211800000000057,7.452934,3.5181,7.466496,7.394378
75191,2438115258763069184,350.30037123962995,-8.67416297721,0.3726040000000008,7.453208,2.0354,7.579372,7.206767999999999
282,129788418422803968,40.07723479722,29.79634016021,0.06561600000000034,7.453796,2.5505,7.460081,7.394464999999999
82124,3000426224132654848,97.36803574879,-11.46427928064,0.14375500000000052,7.454941000000001,2.9435,7.493664,7.349908999999999
31369,106958914897885056,35.19563870946,28.52341724209,1.1715330000000002,7.456811999999999,11.6927,7.961086,6.789553
81619,2968027116858007808,82.37918623323002,-21.03968522121,0.24198900000000023,7.457257000000001,2.8117,7.533603,7.291614
28005,664385059341602560,129.07251472848998,20.34144598201,0.16437700000000088,7.458282,2.4969,7.505546000000001,7.341169
33862,1329877872350478592,244.46354008915,35.69959419029,0.15699500000000022,7.459157,2.8036,7.503392,7.346397
77135,2913652044915664384,91.71428520063,-23.09393194128,0.18579100000000004,7.459900999999999,2.021,7.515184,7.329393
89637,1873219856967480064,314.39831199701,39.66269576964,-0.139473999999999,7.459919999999999,2.9558,7.39648,7.535953999999999
27986,662849900590743936,128.93763033023998,19.77110243788,0.19997099999999968,7.459952,2.5818,7.520744,7.320773
87930,1842098627011888128,312.13354805331,23.01175625058,-0.024499999999999744,7.460683,3.5009,7.438005,7.462505
41501,1885392996864584064,347.11888264053,29.160956367390003,0.20239099999999954,7.462169,2.9629,7.519964999999999,7.317574
75167,2418919297570805888,357.61545118091004,-14.9837429466,0.25146099999999993,7.462738000000001,1.5876,7.543759,7.292298
67910,2177321717826771072,318.00290350029,56.140544141940005,0.28988800000000037,7.462971,1.9271,7.558174,7.268286
6356,226556608584490496,61.09802935106,38.79626177683,0.3308079999999993,7.463547999999999,1.6812,7.571372999999999,7.240564999999999
74368,2272763518994089088,326.36602772713,72.16621906683001,0.20567699999999967,7.464024,4.6459,7.522259,7.316582
12667,202192496067552128,75.7390703434,42.56903133239,-0.10928000000000093,7.464347999999999,9.0552,7.40733,7.516610000000001
7345,4104218044547191296,276.27576022969,-14.64938039059,2.0311829999999995,7.464444,77.5428,8.476268,6.445085
60700,2073287198922279296,296.64981421487005,39.51112968012,0.1640069999999998,7.465961,3.0456,7.496833,7.332826
75224,2458873076223077504,22.9488494619,-10.25740641753,0.3060559999999999,7.466010000000001,2.2898,7.56705,7.260994
93178,3089797415455513728,123.66265282003,1.15740123407,0.23527599999999982,7.466922999999999,1.9513,7.537992,7.302716
29549,891166238878213248,107.09165623354,33.26786612274,0.34913099999999986,7.467203,2.4837,7.586017999999999,7.236886999999999
63385,2103245523511047040,284.58355276117,39.64168312894,0.04700499999999952,7.467734,2.4035,7.474121,7.427116000000001
38312,1832646366078277632,306.94799590461,26.14657005454,0.27154399999999956,7.468597,3.6565,7.555702,7.284158000000001
75064,2345662033268008576,11.74953690067,-24.2168245949,0.30174399999999935,7.468835,2.5323,7.569068,7.267324
31199,957140028920646400,98.24926439735,39.78464787754,0.06729000000000163,7.469925999999999,2.465,7.483427000000001,7.416136999999999
21893,494960969021841920,57.932501646640006,70.5080335211,0.29912899999999976,7.470517,2.2307,7.556636999999999,7.257508
81783,2990030135532775680,79.83704864743,-10.74715305747,0.42160899999999835,7.470796000000001,3.6813,7.616722999999999,7.195114
89805,1896816059388031616,330.8517659483,30.03738072981,-0.06586299999999845,7.471285000000001,3.269,7.422510000000001,7.488372999999999
25143,266230969547250048,77.53204957179,53.70977725007,0.08658000000000143,7.472042,2.5794,7.488817,7.402236999999999
65535,2164962829178199808,319.11159558018,48.79246772972999,0.21401299999999868,7.473691,4.3032,7.536650999999999,7.322638
81690,1756235152657755904,308.70472318008,13.46460293781,-0.058842999999999535,7.474563000000001,4.7299,7.437819,7.496662
32567,997974138429339904,95.6080963712,56.01288292402,0.4111710000000013,7.47473,2.8469,7.617222,7.206050999999999
52813,466980528401068544,46.31738154482,63.029391913000005,0.130498000000002,7.474833,4.6396,7.502241000000001,7.371742999999999
95889,3108653249604692224,105.8557010155,-3.0253826800700003,0.17095099999999963,7.474912,3.6673,7.527595,7.356644
12917,49625740062294784,58.85856577229,17.63263191101,1.3313979999999992,7.474964999999999,12.7993,8.066977,6.735579
19,132667245587072,45.07279557246,0.96997078249,1.2528609999999993,7.475046000000001,7.8383,8.025091999999999,6.772231
17731,212710974051453696,82.94799031635,48.93486605096,0.11453699999999944,7.476669,6.2607,7.499686,7.385149
76560,2877063252877378176,0.69184871353,35.81545689836,0.28395800000000015,7.47762,2.4787,7.565856,7.281898
33593,1191772168157443840,240.46909035284,13.47251084445,0.29021400000000064,7.477655,3.1688,7.569818,7.279603999999999
75970,2748803984545576320,4.47035192019,7.866008430549999,0.40679899999999947,7.477913,3.6426,7.617029,7.21023
34654,1649188624720223744,251.84455820493,69.09897099886999,0.068384,7.478283,2.7897,7.48908,7.420696
90883,1965695862966822272,320.71313254557003,40.69721775847,0.20506699999999967,7.478791,6.3023,7.526978,7.321911
34371,1510260073512381568,207.15085698341,48.356483834440006,0.363518,7.479029,1.7586,7.600817,7.237299
61441,2077186823061026688,296.84807117356,42.48299521499,0.2742269999999998,7.479333,1.5215,7.568155,7.293928
21398,484478190803832064,79.92890487949,67.99638771590999,0.40097000000000005,7.479752,3.563,7.57056,7.16959
26308,538983937129700224,14.47565735442,75.49375007215001,0.14448499999999953,7.480136999999999,1.9278,7.525486999999999,7.381002
79566,173838011032589056,70.33405735413,34.66541190498,1.505179000000001,7.481338,10.1991,8.176672,6.671492999999999
1322,145869325736739712,67.89923107006,22.84490443956,0.27784999999999993,7.481427,1.5602,7.568842,7.290992
78868,934557193956161152,122.10260305859,49.02096958271,-0.05100899999999964,7.483144,2.648,7.453917,7.504925999999999
72917,2222987665535109248,328.27279449161,68.49865589798,0.0870539999999993,7.484053,3.0027,7.501450999999999,7.414397
19068,1306188894330617728,253.91932867172,25.5006324052,2.889365999999999,7.484713,112.4387,9.120852,6.231486
75620,2657440787390639744,348.36816542138,0.93048867544,0.39903699999999986,7.485347999999999,2.0883,7.623439,7.224402
75290,2500621360930896384,37.874309878640005,1.09412799733,0.2279100000000005,7.485585,1.5511,7.5563,7.32839
29125,391273208592115712,9.06441824484,48.55573546924,-0.10639299999999885,7.485813999999999,3.7743,7.433575,7.539967999999999
80991,1477500738740430592,213.44247375865,31.19530673458,-0.10221900000000073,7.486019000000001,2.4215,7.441122999999999,7.543342
81734,2984815151882469888,80.32612962594,-15.1508355991,0.38667499999999944,7.48606,2.088,7.591011999999999,7.204337
42424,1933430453726223744,339.91501599696,42.20099100709,0.3435360000000003,7.486321,2.5899,7.5987,7.255164
49420,2000511383269077632,337.26705877147003,51.50825869567,0.3474339999999989,7.486632000000001,4.9701,7.602122,7.254688000000001
75545,2625766056417410176,335.34971867941005,-6.24317232778,0.25623600000000035,7.487253999999999,2.3866,7.555762,7.299525999999999
1190,6121947600098304,41.13592136458,5.657678411919999,1.1649349999999998,7.487289,10.6007,7.989125,6.82419
34811,1698533229106119296,221.46252867017003,71.96624744620999,0.20063800000000054,7.487503,3.6421,7.549474000000001,7.348836
5311,336750351114009216,40.8621872194,41.12006444194,2.4237449999999985,7.487506,117.1575,8.784842999999999,6.361098
52532,2017767393645258112,293.3212433353,20.4143707847,0.2964039999999999,7.487908,2.5839,7.584206,7.287802
41779,2044453159309493120,285.827227435,34.41573465510999,3.073523999999999,7.488846000000001,125.5574,9.261406,6.187882
87785,1836881444342525312,302.50988941838,28.2690895729,-0.040897999999999435,7.488919999999999,6.8927,7.4488,7.489698
34074,1367936092956367232,269.52248937309,52.21817864492001,0.3231549999999981,7.489055,1.6969,7.597617999999999,7.274463000000001
62839,2088206128594679296,303.4474663292,51.23994331402,0.37627200000000016,7.489439999999999,2.5125,7.619436,7.243164
87057,3043682351600956544,115.43795743613,-7.150905203210001,0.45613100000000006,7.491675,3.2236,7.652359,7.196228
96828,2002830906126759424,342.44847591392005,54.84678571329,0.02734799999999904,7.492037,4.4849,7.478903999999999,7.451556
34645,1647391919641403648,236.74810938909,69.47753899455999,0.16253099999999865,7.492336,3.8341,7.53858,7.376049000000001
33682,1226159772270207360,212.48631838904,11.37310057065,0.13820699999999952,7.492952000000001,2.2977,7.528256,7.390049
44035,135704954917913344,46.4402859345,32.03068879778,1.255681,7.492953999999999,9.3876,8.001153,6.745472
89929,1910770687306722432,347.5714608532,32.48700362014,-0.05319200000000013,7.493450999999999,4.8386,7.011444,7.064636
56338,2691790046038336512,321.89143377306,2.31303034027,3.06473,7.493516,129.8771,9.270491,6.205761
41766,1904205640816731520,338.24087671119,35.43778476687,0.22238999999999898,7.493792,1.8904,7.567486,7.345096000000001
74711,2284859212052782720,317.2818283611,78.66312306536,0.14289000000000218,7.494246,4.2839,7.518274000000001,7.375383999999999
76702,2889357751382815872,89.46921804653999,-34.47619190709,0.37907300000000177,7.494762,1.5221,7.628382000000001,7.249308999999999
7983,36615734367427072,57.36239685283001,11.14421970309,0.8945099999999986,7.495850999999999,3.5014,7.854817999999999,6.960308
79812,1151693835451136128,170.45022032337,87.63851225233,-0.030122999999999678,7.49673,2.9378,7.476042,7.506164999999999
32444,992810453867702528,98.79236185468,52.86388032168,0.14494700000000105,7.497261,4.4332,7.535855000000001,7.390908
95530,1997473089039889920,353.53866328435,55.48873888560001,-0.13006799999999963,7.497519,4.0924,7.436263,7.566331
34509,1600815335778533888,228.24116891762,56.04643217545,0.24576800000000087,7.497692999999999,1.6896,7.575882000000001,7.330114
82072,2999964394892822144,97.14380691283002,-13.04926907445,0.40909000000000084,7.497816,1.7759,7.638507000000001,7.229417
28101,670906159726232960,121.11683385596,21.00819790381,0.19100699999999904,7.498117999999999,2.4899,7.556908999999999,7.365902
27221,90220671430909056,28.81168841516,15.34057301488,1.2668029999999995,7.499938,9.1684,8.057625999999999,6.790823
1821,160333469919017600,73.11603270617,31.98650465386,0.3418359999999998,7.500053,2.33,7.613635,7.271799000000001
2376,176061159121810432,64.04432353426999,34.86871514242,0.4719529999999992,7.500124,3.2379,7.665608,7.193655000000001
59030,2062759065844304384,309.28310282580003,36.58386861025,0.07757399999999759,7.502414,2.2265,7.511833999999999,7.434260000000001
81764,2987878563075724288,75.16895945594,-13.50375564582,0.05382999999999871,7.502548,2.4101,7.509301,7.455471000000001
77595,536138504118782848,12.48194362151,71.17577097619001,0.15275199999999778,7.502555999999999,6.7079,7.538858999999999,7.386107000000001
10671,315234386026062336,16.69845588779,35.14559509579001,0.13682900000000053,7.502578999999999,2.8491,7.539044,7.402214999999999
33676,1222728574438608640,236.23865778917005,24.70855818692,0.27872200000000014,7.502927000000001,2.2827,7.593909,7.315187
30884,953136226047537792,107.27364780432,44.25978909269,0.4244949999999994,7.502961999999999,2.1394,7.648650999999999,7.224156
54658,2541358610337742464,5.28706307093,-2.35695278337,3.693637999999999,7.503500999999999,145.0933,9.785656,6.092018
41506,441356925312452736,51.54538285743,48.3839282653,0.04888899999999996,7.504003999999999,1.9525,7.507217,7.458328
2569,10074073426833536,51.90676247098,7.750447044089999,0.5446949999999999,7.505698,4.3162,7.702278,7.157583
75157,2413927102463642240,348.67525331647994,-9.68858638871,0.37124000000000024,7.505757000000001,1.8866,7.632573,7.261333
93225,3091187438670694016,123.8809209979,2.83213524041,0.07630300000000023,7.506172,2.9961,7.50318,7.426877
41958,1914387668244838144,344.74580699953,34.066757165700004,0.32545499999999983,7.506269,2.8382,7.61106,7.285605
35083,428742395905911552,6.07279888807,60.453047266080006,0.17231300000000083,7.506850999999999,5.1161,7.549727000000001,7.377414
34465,1577254725740438528,194.31716091988,57.69174726787,0.08815900000000099,7.507657000000001,2.3219,7.526730000000001,7.438571
31637,962689470265232256,92.87690625944,44.13462109422,0.3175010000000009,7.508078999999999,2.2619,7.61291,7.295408999999999
75234,2466730392473402112,29.38046368936,-6.82774391633,0.28595400000000204,7.508292999999999,2.0203,7.600141000000001,7.314186999999999
23818,1737183296206147200,316.52879293479,7.82982594391,4.324866,7.508655,140.9801,10.332466,6.0076
88628,1862291604743234560,309.5345640593,30.57751754699,0.012982000000000937,7.508931,2.7621,7.501257000000001,7.488275
496,2077600235810048,44.29005414493,3.67862497165,0.5495929999999998,7.509322999999999,3.1878,7.70787,7.158277
26709,547415232807457792,46.34567260069,73.94516084057,0.08856899999999968,7.509666999999999,2.5765,7.530853,7.442284
28696,830308304640735360,157.48542976284,45.85211445068,0.315982,7.510539,1.6376,7.613617,7.297635
35517,1776196030342884992,331.38512030791003,17.51032354302,0.4085259999999993,7.511294,1.913,7.653847,7.245321000000001
86864,1828813777787323264,302.68811375998,20.48681452493,-0.1012429999999993,7.511336,9.8949,7.38063,7.481872999999999
54583,134859606571748992,38.68015125389,34.08423410497,0.5873410000000003,7.511941999999999,2.5086,7.725756,7.138414999999999
75120,2386898319218933120,348.53166603668,-19.69583253133,0.1363530000000006,7.513125,1.8496,7.550696,7.414343
55045,470430005616372352,60.682139907380005,58.94930404863001,0.09300599999999992,7.513228999999999,6.8148,7.526553,7.433547
32981,1069194866678740224,142.79141034131,67.54118741544,0.1688320000000001,7.513348,3.3213,7.563381,7.394549
63231,2099746636994141696,288.00139913657995,39.42080905961,0.082198,7.513561999999999,2.6435,7.515005,7.432807
27965,661290758744228224,130.07523317525,19.53193603951,0.19776100000000074,7.515389999999999,2.401,7.576736,7.378975
1888,7575536331825920,47.29383477859,7.460416444219999,0.6009460000000013,7.515642,1.7981,7.735646000000001,7.1347
27301,90644945480356736,29.66011272818,15.93011162032,1.1793639999999996,7.515950999999999,9.4283,8.022986,6.843622
9566,44197073198840064,54.01177612515,16.46611373838,0.7441210000000007,7.516733,1.1269,7.801992,7.057871
637,91248852241860480,27.22725240998,16.37740997739,0.4124970000000001,7.516994,1.7766,7.661803,7.249306
10576,302230943040223232,25.52463261008,29.506066271490003,0.07046799999999909,7.517239,2.637,7.530303,7.459835000000001
51354,2009564585903793792,349.21445798173994,57.64777947325,0.08905600000000025,7.517283,2.0624,7.538263000000001,7.449207
32212,977131894795719680,110.56275623168,50.14861370757,0.2241850000000003,7.518235000000001,2.1927,7.588758,7.364573
31275,106667200719154432,35.52853489762,27.60372063891,1.1372790000000013,7.518600999999999,8.6613,8.005963000000001,6.868684
81633,1752383627847639424,306.75893688135,9.09213909979,-0.16321100000000133,7.518796000000001,5.2227,7.447230999999999,7.610442
307,53693108451368832,62.22298473716,23.09850179214,0.3979999999999997,7.518816,1.9996,7.653631,7.255631
34066,1367140974250943872,264.07324071278,49.44561902181,0.17064600000000052,7.520159,1.9494,7.571127000000001,7.400481
34836,1704524291871080960,248.33283865301,77.68735670789,0.2751260000000011,7.522278,1.9729,7.607321000000001,7.332195
28577,778980731031629440,166.69155479609,44.11543054059,0.2890680000000003,7.522335000000001,2.215,7.615363,7.326295
35126,1747797633573522944,308.81210043572,6.279518385349999,0.20815100000000086,7.522358,2.0332,7.584563,7.376411999999999
61484,2077521315113776512,294.11230870445,41.8928248203,0.017445000000000377,7.522419,2.8044,7.516127,7.498682
92922,1978920994988022400,326.07152412692,49.26900550483,-0.12188399999999966,7.523036999999999,2.7776,7.468022,7.589906
27795,647982854114211712,146.29348450936,27.74128649205,0.2435350000000005,7.523157,1.7014,7.600889,7.357353999999999
32216,424705607682615424,10.662552341,57.596269394130005,0.03648300000000049,7.523838,3.7975,7.520588,7.484105
33620,1200016233324969344,240.65551503792005,18.114067628860003,0.22172500000000106,7.524094,1.9656,7.593748,7.372022999999999
32674,1004217165451345920,101.46215959995,62.64959572391,0.18647599999999986,7.524247999999999,3.0024,7.57695,7.390474
80668,1364604400925740160,258.3654825748,45.37220686474,-0.2379699999999998,7.524383,5.4159,7.434666,7.672636
114,29891808444756608,49.46837809834,13.84721665061,0.1679770000000005,7.524442,2.7753,7.568564,7.400587
36006,1805921395925775744,306.81513075339,16.71091735055,0.4185970000000001,7.524627000000001,3.2531,7.671382,7.252785
75532,2619893736612125312,333.67523419909,-6.40055038072,0.16453899999999955,7.525525,2.43,7.572369999999999,7.407831
75198,2447167160037604864,356.91362287352007,-4.46162456775,0.32088999999999945,7.525622,1.8259,7.632014,7.311124
32868,1033349172706023936,122.55223779272,55.80405305962,0.39145300000000205,7.525811999999999,1.7002,7.623921000000001,7.232467999999999
28681,825636548452202752,141.75578984959998,47.77322902784,0.367954000000001,7.525836,2.0792,7.651066,7.283111999999999
26409,541455948506122752,49.165916153050006,69.97904419477,0.12216199999999944,7.525995,2.5966,7.556686,7.434524000000001
28425,335286213942782208,39.0787184992,40.20481920988,-0.06567499999999882,7.525997999999999,2.6535,7.447081,7.512755999999999
88711,1863337652623085696,310.81048175291,33.83158787558,-0.026676000000001032,7.526615,3.0410000000000004,7.472842999999999,7.499519
34444,1563586799775391104,201.2158943481,54.89743202216,0.39440899999999957,7.526949,1.6005,7.662536,7.268127000000001
32861,1032805086248448896,120.69392223874,54.13126682954,0.18430200000000063,7.527507000000001,1.9881,7.584356,7.400053999999999
95751,181517829171155328,78.04010075929,32.89515819771,0.5988859999999994,7.527786999999999,1.6316,7.747049,7.148163
18070,216837647349542272,57.280440680290006,32.264226850220005,0.25969000000000175,7.528602999999999,3.3736,7.594799000000001,7.335108999999999
41542,1889317119505201280,343.39597235974,30.76263822701,0.24148800000000037,7.53185,2.0226,7.608424,7.366936
74142,168933574995692288,62.32368570762,30.64283999565,1.8197070000000002,7.532050999999999,11.4451,8.420099,6.600392
75676,2680461670362946432,331.34883666226,0.2611207293699999,0.34496400000000005,7.532392999999999,4.2469,7.647138000000001,7.302174000000001
26495,543086180651779200,50.74117021636,71.28031795383001,0.39449100000000037,7.532446,2.5211,7.667296,7.272805
1376,149080655603642624,64.94033005712,23.73832969629,0.22917699999999996,7.532735000000001,2.2361,7.601599,7.372422
34690,1655545485556203264,260.66957075632,74.66314177903001,0.2889969999999993,7.533114,1.8435,7.628230999999999,7.339233999999999
32318,985894525729279360,116.50685109696998,55.64224420516,0.2081489999999988,7.533486999999999,2.4732,7.598209,7.390060000000001
29605,893076743410385536,111.48194090542,32.86100800273,0.14532800000000012,7.533580000000001,2.1474,7.578916,7.433588
33149,1101757242841415040,111.16998932474,65.83832500387,0.26518900000000034,7.533856,1.7269,7.622084,7.356895
81124,1608431790263204096,215.49941146715,53.5212149519,-0.18015700000000034,7.533917999999999,2.9566,7.461017,7.641174
76646,2883978730043403008,88.47112000621,-37.53372637386,0.46455599999999997,7.534332000000001,2.755,7.691058,7.226502
67391,2174429280690665216,323.44080108508,54.31592692973,0.23844399999999943,7.536119,3.9885,7.589604,7.35116
41528,1888290106925960192,339.6709704289,29.71141312519,0.07873000000000019,7.536594999999999,2.2304,7.550777,7.472047
15952,1020598239437675776,146.03273474096,53.76674437468,3.3631770000000003,7.538869999999999,117.3799,9.552509,6.189332
35235,1753996478266151680,305.81571675892,11.0849899644,0.2248669999999997,7.539305000000001,1.6483,7.609349000000001,7.384482000000001
8168,251170104086974336,56.17132492505,50.54280889665999,0.13926500000000086,7.541668,2.5762,7.576694,7.437428999999999
41268,438603919992325504,42.20915937312,49.18382711555,0.05353500000000011,7.542063000000001,2.4454,7.548707,7.495172
15125,54291277135323520,51.34763071044001,15.8262212217,1.373534000000002,7.543303,18.1461,8.163438000000001,6.789903999999999
74617,524114210600113792,14.61178185264,63.71361581901,0.8995820000000005,7.543361,36.5626,7.894144,6.994561999999999
74017,2248408924123323392,299.74857310296,67.47206381836,0.3112060000000003,7.543667,2.3523,7.647943,7.336736999999999
74443,2275852150236354944,301.22205346239,72.78264317301999,0.005654000000001602,7.54369,2.7910000000000004,7.534566000000001,7.528911999999999
62801,2087932178399553664,300.80630571781,50.46484290407,0.08845100000000095,7.544005999999999,2.7101,7.563049,7.474597999999999
99096,251529919268255616,57.15555808463,51.823087086170005,0.8329199999999997,7.544422999999999,1.8202,7.87125,7.03833
38884,1840982244750472832,316.49386941249,24.49841583563,0.4304409999999983,7.545133,2.067,7.693739999999999,7.263299000000001
18189,5333575329765910400,174.95809534775,-63.47875939465,0.13799799999999873,7.545853,9.3309,7.548230999999999,7.410233
19449,241837891767516672,52.30729133649,45.04930702319,0.005234999999999879,7.545902000000001,5.2967,7.526092,7.520857
81785,1763679945887985408,314.63433997935,16.43667963416,-0.10888299999999873,7.546289,3.7935,7.49361,7.602492999999999
43456,134592425245666176,39.95195593295,33.495592983570006,1.3053559999999997,7.54715,12.0123,8.127284,6.821928
75133,2400829445076185344,339.37455844534,-20.37841189883,0.23935700000000004,7.547772,1.646,7.624159,7.384802
19491,242668164786037760,51.40714895919,45.51553531414,0.10175499999999982,7.548208,3.3952,7.541675,7.43992
76800,2893945016973779456,97.50254120552,-31.17446097694,-0.016503000000001045,7.548958,2.4281,7.531579,7.548082000000001
91949,3063302208883697152,124.60267889086,-7.57123629572,0.33355200000000007,7.550362,1.7279,7.658231,7.324679
42148,1924905420380445312,353.70934594774,43.20147031306,0.2157549999999997,7.550421000000001,2.6499,7.614308999999999,7.398553999999999
63214,510494731866716160,20.21749689723,60.94887431417,-0.03817900000000041,7.550772,2.2243,7.523445,7.561624
4443,197250603613583360,85.74915798082,44.851456385670005,0.22999799999999926,7.551096,2.5736,7.621511,7.391513000000001
28777,864242532007217792,176.76842481341,64.39326167056,0.11685100000000226,7.551546000000001,2.9391,7.581607000000001,7.464755999999999
28788,864926222081827072,112.561586072,20.78436881944,0.1565279999999989,7.551709,2.1276,7.598238999999999,7.441711
75971,2748873906614022528,4.02279927579,8.11542244525,0.3836370000000011,7.551875,1.8247,7.684005,7.300367999999999
73504,2231780322582157824,349.91794605665,73.92421311350999,0.3775100000000018,7.552607000000001,1.6499,7.68193,7.304419999999999
68811,2184300897935365248,304.75655086803,51.97698694620999,0.268891,7.5533,2.3512,7.640430999999999,7.371539999999999
92230,1976857039866327680,330.86524792975,49.66488384354,-0.10677100000000106,7.553348,2.9671,7.502153999999999,7.608925
70310,3551277598276854016,167.11914997514,-20.78654558686,2.8449300000000006,7.554021,101.9719,9.156622,6.311692
